"DATE","TIME_S","SYM_ROOT","SIZE","TRADE"
20120103,09:04:08,"AAPL",500,409.21
20120103,09:06:49,"AAPL",100,409.41
20120103,09:21:10,"AAPL",100,409.49
20120103,09:26:28,"AAPL",100,409.04
20120103,09:29:55,"AAPL",100,410.3
20120103,09:30:00,"AAPL",200,409.91
20120103,09:30:04,"AAPL",100,410.11
20120103,09:30:04,"AAPL",200,410.05
20120103,09:30:06,"AAPL",100,410.2
20120103,09:30:20,"AAPL",140,409.9
20120103,09:30:39,"AAPL",100,409.82
20120103,09:30:49,"AAPL",100,409.76
20120103,09:30:50,"AAPL",100,409.8
20120103,09:30:50,"AAPL",200,409.8
20120103,09:31:04,"AAPL",150,409.53
20120103,09:31:25,"AAPL",174,409.79
20120103,09:31:50,"AAPL",100,409.48
20120103,09:31:55,"AAPL",200,409.44
20120103,09:32:29,"AAPL",100,409.95
20120103,09:33:13,"AAPL",400,410.16
20120103,09:33:21,"AAPL",320,410.22
20120103,09:33:22,"AAPL",100,410.27
20120103,09:33:41,"AAPL",100,410.32
20120103,09:33:42,"AAPL",107,410.35
20120103,09:33:45,"AAPL",200,410.36
20120103,09:33:58,"AAPL",100,410.41
20120103,09:34:07,"AAPL",100,410.23
20120103,09:34:10,"AAPL",500,410.11
20120103,09:34:12,"AAPL",100,410.2
20120103,09:34:28,"AAPL",100,410.31
20120103,09:34:42,"AAPL",100,410.18
20120103,09:34:48,"AAPL",100,410.2
20120103,09:34:49,"AAPL",200,410.21
20120103,09:34:52,"AAPL",200,410.1
20120103,09:35:26,"AAPL",100,410.18
20120103,09:35:32,"AAPL",156,410.26
20120103,09:35:38,"AAPL",100,410.65
20120103,09:35:44,"AAPL",100,410.75
20120103,09:35:45,"AAPL",200,410.7
20120103,09:35:48,"AAPL",100,410.83
20120103,09:35:54,"AAPL",1600,410.64
20120103,09:35:56,"AAPL",100,410.73
20120103,09:36:27,"AAPL",100,411.22
20120103,09:36:28,"AAPL",100,411.25
20120103,09:36:28,"AAPL",125,411.22
20120103,09:36:29,"AAPL",100,411.22
20120103,09:36:45,"AAPL",100,411.49
20120103,09:36:47,"AAPL",800,411.43
20120103,09:37:20,"AAPL",100,411.89
20120103,09:37:23,"AAPL",100,411.85
20120103,09:37:40,"AAPL",100,411.79
20120103,09:37:53,"AAPL",200,411.71
20120103,09:38:02,"AAPL",100,411.6
20120103,09:38:05,"AAPL",100,411.71
20120103,09:38:17,"AAPL",100,411.81
20120103,09:38:21,"AAPL",100,411.89
20120103,09:38:40,"AAPL",100,411.9
20120103,09:38:44,"AAPL",151,411.81
20120103,09:39:19,"AAPL",100,411.52
20120103,09:39:26,"AAPL",100,411.54
20120103,09:39:34,"AAPL",100,411.8
20120103,09:40:11,"AAPL",100,411.91
20120103,09:40:13,"AAPL",100,411.99
20120103,09:40:17,"AAPL",100,411.92
20120103,09:40:22,"AAPL",100,411.96
20120103,09:40:25,"AAPL",100,412
20120103,09:40:38,"AAPL",100,411.86
20120103,09:40:48,"AAPL",100,411.92
20120103,09:40:58,"AAPL",100,411.91
20120103,09:40:58,"AAPL",100,411.91
20120103,09:42:02,"AAPL",200,411.84
20120103,09:42:03,"AAPL",100,411.82
20120103,09:42:13,"AAPL",200,411.59
20120103,09:42:15,"AAPL",500,411.66
20120103,09:42:25,"AAPL",100,411.69
20120103,09:43:40,"AAPL",100,411.51
20120103,09:43:44,"AAPL",100,411.42
20120103,09:43:45,"AAPL",136,411.41
20120103,09:43:58,"AAPL",100,411.42
20120103,09:44:20,"AAPL",200,411.23
20120103,09:44:26,"AAPL",100,411.24
20120103,09:44:34,"AAPL",200,411.11
20120103,09:44:45,"AAPL",100,411.23
20120103,09:45:42,"AAPL",100,411.16
20120103,09:46:26,"AAPL",100,411.41
20120103,09:46:39,"AAPL",100,411.47
20120103,09:46:40,"AAPL",100,411.46
20120103,09:46:55,"AAPL",650,411.66
20120103,09:47:02,"AAPL",100,411.71
20120103,09:47:11,"AAPL",100,411.76
20120103,09:47:22,"AAPL",100,411.68
20120103,09:47:42,"AAPL",1000,411.63
20120103,09:48:58,"AAPL",100,411.68
20120103,09:49:22,"AAPL",191,411.81
20120103,09:49:31,"AAPL",100,411.65
20120103,09:49:35,"AAPL",100,411.61
20120103,09:50:46,"AAPL",100,411.78
20120103,09:51:47,"AAPL",100,411.65
20120103,09:52:04,"AAPL",200,411.64
20120103,09:52:25,"AAPL",100,411.65
20120103,09:54:11,"AAPL",400,411.41
20120103,09:54:27,"AAPL",100,411.27
20120103,09:55:03,"AAPL",2592,411.41
20120103,09:55:57,"AAPL",100,411.41
20120103,09:56:55,"AAPL",100,411.56
20120103,09:57:57,"AAPL",200,411.41
20120103,09:58:17,"AAPL",100,411.66
20120103,09:59:12,"AAPL",100,411.39
20120103,09:59:14,"AAPL",200,411.38
20120103,10:00:08,"AAPL",100,411.68
20120103,10:00:16,"AAPL",100,411.62
20120103,10:00:44,"AAPL",200,411.83
20120103,10:00:53,"AAPL",100,411.85
20120103,10:01:03,"AAPL",100,411.87
20120103,10:03:01,"AAPL",437,411.91
20120103,10:03:48,"AAPL",100,412.1
20120103,10:04:09,"AAPL",100,411.93
20120103,10:04:36,"AAPL",100,411.93
20120103,10:05:16,"AAPL",100,412.11
20120103,10:05:29,"AAPL",100,412.19
20120103,10:05:40,"AAPL",100,412.13
20120103,10:05:55,"AAPL",100,412.07
20120103,10:07:27,"AAPL",100,412.34
20120103,10:07:36,"AAPL",100,412.33
20120103,10:08:30,"AAPL",100,412.32
20120103,10:08:33,"AAPL",100,412.36
20120103,10:08:33,"AAPL",100,412.37
20120103,10:08:49,"AAPL",165,412.41
20120103,10:09:10,"AAPL",100,412.31
20120103,10:10:02,"AAPL",100,412.38
20120103,10:10:27,"AAPL",100,412.41
20120103,10:11:01,"AAPL",100,412.43
20120103,10:11:24,"AAPL",200,412.39
20120103,10:11:51,"AAPL",100,412.48
20120103,10:13:30,"AAPL",100,412.45
20120103,10:14:31,"AAPL",100,412.13
20120103,10:15:37,"AAPL",100,412.4
20120103,10:15:38,"AAPL",100,412.41
20120103,10:15:52,"AAPL",100,412.43
20120103,10:15:52,"AAPL",100,412.39
20120103,10:16:54,"AAPL",153,412.25
20120103,10:17:51,"AAPL",100,412.31
20120103,10:18:30,"AAPL",100,412.51
20120103,10:19:17,"AAPL",100,412.49
20120103,10:20:05,"AAPL",200,412.53
20120103,10:20:10,"AAPL",100,412.5
20120103,10:20:14,"AAPL",100,412.58
20120103,10:20:21,"AAPL",100,412.63
20120103,10:20:25,"AAPL",100,412.58
20120103,10:20:49,"AAPL",100,412.63
20120103,10:21:31,"AAPL",200,412.7
20120103,10:21:34,"AAPL",100,412.69
20120103,10:21:37,"AAPL",100,412.65
20120103,10:22:46,"AAPL",100,412.75
20120103,10:23:01,"AAPL",100,412.72
20120103,10:23:46,"AAPL",100,412.69
20120103,10:24:40,"AAPL",100,412.71
20120103,10:25:23,"AAPL",100,412.8
20120103,10:25:52,"AAPL",100,412.83
20120103,10:26:57,"AAPL",100,412.69
20120103,10:28:03,"AAPL",150,412.41
20120103,10:29:05,"AAPL",100,412.5
20120103,10:33:12,"AAPL",148,412.68
20120103,10:34:58,"AAPL",147,412.41
20120103,10:35:05,"AAPL",100,412.45
20120103,10:35:10,"AAPL",100,412.31
20120103,10:35:41,"AAPL",100,412.32
20120103,10:36:00,"AAPL",100,412.39
20120103,10:39:00,"AAPL",100,412.42
20120103,10:39:10,"AAPL",100,412.47
20120103,10:39:42,"AAPL",242,412.41
20120103,10:39:51,"AAPL",300,412.31
20120103,10:39:55,"AAPL",100,412.39
20120103,10:40:55,"AAPL",100,412.21
20120103,10:41:00,"AAPL",100,412.18
20120103,10:42:01,"AAPL",200,411.95
20120103,10:43:02,"AAPL",300,411.71
20120103,10:43:07,"AAPL",100,411.69
20120103,10:43:37,"AAPL",100,411.6
20120103,10:43:53,"AAPL",100,411.67
20120103,10:44:32,"AAPL",100,411.57
20120103,10:45:33,"AAPL",100,411.62
20120103,10:45:49,"AAPL",100,411.69
20120103,10:45:57,"AAPL",100,411.67
20120103,10:46:53,"AAPL",199,411.52
20120103,10:47:04,"AAPL",195,411.41
20120103,10:48:48,"AAPL",100,411.12
20120103,10:49:14,"AAPL",100,411.04
20120103,10:49:36,"AAPL",100,411.15
20120103,10:49:44,"AAPL",205,411.11
20120103,10:50:19,"AAPL",100,410.93
20120103,10:50:40,"AAPL",100,410.67
20120103,10:50:54,"AAPL",100,410.7
20120103,10:51:08,"AAPL",200,410.89
20120103,10:51:35,"AAPL",100,410.79
20120103,10:51:53,"AAPL",300,410.91
20120103,10:52:51,"AAPL",100,411.1
20120103,10:53:25,"AAPL",100,411.14
20120103,10:53:41,"AAPL",400,411.06
20120103,10:55:57,"AAPL",100,411.17
20120103,10:57:02,"AAPL",200,411.16
20120103,10:57:16,"AAPL",100,411.16
20120103,10:59:12,"AAPL",100,411.23
20120103,11:01:51,"AAPL",100,411.36
20120103,11:01:56,"AAPL",100,411.4
20120103,11:06:13,"AAPL",100,411.49
20120103,11:06:51,"AAPL",100,411.39
20120103,11:07:17,"AAPL",100,411.32
20120103,11:09:59,"AAPL",100,411.18
20120103,11:12:51,"AAPL",100,411.31
20120103,11:12:55,"AAPL",1561,411.41
20120103,11:13:09,"AAPL",100,411.48
20120103,11:14:13,"AAPL",100,411.43
20120103,11:15:08,"AAPL",100,411.59
20120103,11:16:52,"AAPL",800,411.71
20120103,11:17:00,"AAPL",100,411.71
20120103,11:17:12,"AAPL",100,411.76
20120103,11:19:31,"AAPL",100,411.85
20120103,11:20:07,"AAPL",117,411.8
20120103,11:21:17,"AAPL",100,411.73
20120103,11:23:26,"AAPL",100,411.51
20120103,11:24:23,"AAPL",100,411.43
20120103,11:24:34,"AAPL",500,411.36
20120103,11:24:34,"AAPL",100,411.36
20120103,11:24:42,"AAPL",100,411.31
20120103,11:24:55,"AAPL",100,411.33
20120103,11:26:36,"AAPL",595,411.45
20120103,11:26:37,"AAPL",500,411.47
20120103,11:26:37,"AAPL",100,411.37
20120103,11:26:39,"AAPL",100,411.45
20120103,11:27:28,"AAPL",100,411.49
20120103,11:28:11,"AAPL",100,411.43
20120103,11:28:39,"AAPL",200,411.52
20120103,11:32:10,"AAPL",100,411.43
20120103,11:32:22,"AAPL",100,411.43
20120103,11:32:37,"AAPL",100,411.51
20120103,11:35:21,"AAPL",100,411.43
20120103,11:35:29,"AAPL",100,411.44
20120103,11:36:33,"AAPL",100,411.43
20120103,11:37:15,"AAPL",100,411.5
20120103,11:39:00,"AAPL",100,411.66
20120103,11:39:08,"AAPL",100,411.47
20120103,11:39:29,"AAPL",100,411.56
20120103,11:40:24,"AAPL",100,411.32
20120103,11:40:57,"AAPL",100,411.36
20120103,11:41:03,"AAPL",100,411.28
20120103,11:44:28,"AAPL",100,411.23
20120103,11:45:36,"AAPL",100,411.27
20120103,11:49:03,"AAPL",100,411.16
20120103,11:49:06,"AAPL",200,411.16
20120103,11:49:22,"AAPL",200,411.24
20120103,11:49:29,"AAPL",100,411.24
20120103,11:50:04,"AAPL",100,411.35
20120103,11:50:04,"AAPL",400,411.36
20120103,11:51:26,"AAPL",100,411.23
20120103,11:51:47,"AAPL",100,411.18
20120103,11:53:49,"AAPL",100,411.3
20120103,12:00:57,"AAPL",290,411.22
20120103,12:04:39,"AAPL",200,411.25
20120103,12:07:41,"AAPL",400,411.41
20120103,12:09:34,"AAPL",100,411.45
20120103,12:11:46,"AAPL",200,411.26
20120103,12:12:58,"AAPL",100,411.2
20120103,12:13:13,"AAPL",100,410.98
20120103,12:13:13,"AAPL",100,411
20120103,12:16:15,"AAPL",100,411.03
20120103,12:16:16,"AAPL",100,411.06
20120103,12:17:35,"AAPL",100,411.06
20120103,12:20:38,"AAPL",100,411.16
20120103,12:28:10,"AAPL",100,411.07
20120103,12:28:11,"AAPL",100,411.2
20120103,12:28:20,"AAPL",100,411.14
20120103,12:28:52,"AAPL",100,411.17
20120103,12:29:59,"AAPL",178,411.34
20120103,12:30:33,"AAPL",200,411.21
20120103,12:33:04,"AAPL",200,410.8
20120103,12:33:21,"AAPL",200,410.79
20120103,12:34:59,"AAPL",100,410.69
20120103,12:35:02,"AAPL",100,410.73
20120103,12:35:54,"AAPL",100,410.8
20120103,12:36:23,"AAPL",200,410.96
20120103,12:38:14,"AAPL",100,410.75
20120103,12:38:15,"AAPL",100,410.76
20120103,12:38:30,"AAPL",100,410.62
20120103,12:38:31,"AAPL",100,410.51
20120103,12:38:36,"AAPL",230,410.44
20120103,12:45:14,"AAPL",100,410.69
20120103,12:45:39,"AAPL",200,410.65
20120103,12:46:33,"AAPL",100,410.57
20120103,12:46:42,"AAPL",100,410.54
20120103,12:49:33,"AAPL",100,410.38
20120103,12:51:27,"AAPL",120,410.45
20120103,12:51:27,"AAPL",100,410.46
20120103,12:51:36,"AAPL",100,410.41
20120103,12:54:20,"AAPL",100,410.45
20120103,12:56:36,"AAPL",100,410.15
20120103,12:57:46,"AAPL",200,410.17
20120103,12:59:26,"AAPL",100,410.27
20120103,12:59:58,"AAPL",100,410.19
20120103,13:00:13,"AAPL",100,410.26
20120103,13:01:08,"AAPL",100,410.26
20120103,13:01:54,"AAPL",100,410.1
20120103,13:03:56,"AAPL",100,410.11
20120103,13:04:11,"AAPL",100,409.81
20120103,13:05:16,"AAPL",300,410.01
20120103,13:06:00,"AAPL",100,409.95
20120103,13:06:16,"AAPL",100,410.04
20120103,13:09:21,"AAPL",100,409.9
20120103,13:09:34,"AAPL",100,409.91
20120103,13:11:16,"AAPL",100,409.94
20120103,13:11:26,"AAPL",100,409.91
20120103,13:14:05,"AAPL",100,410.03
20120103,13:14:24,"AAPL",500,410.06
20120103,13:14:44,"AAPL",500,410.01
20120103,13:14:56,"AAPL",400,410.12
20120103,13:14:56,"AAPL",100,410.2
20120103,13:15:15,"AAPL",140,410.15
20120103,13:15:34,"AAPL",100,410.23
20120103,13:21:26,"AAPL",808,410.51
20120103,13:21:54,"AAPL",100,410.51
20120103,13:23:02,"AAPL",100,410.62
20120103,13:24:17,"AAPL",200,410.56
20120103,13:25:17,"AAPL",200,410.51
20120103,13:27:33,"AAPL",100,410.4
20120103,13:29:17,"AAPL",100,410.22
20120103,13:29:22,"AAPL",100,410.36
20120103,13:29:31,"AAPL",100,410.35
20120103,13:31:29,"AAPL",100,409.94
20120103,13:31:30,"AAPL",150,409.91
20120103,13:31:49,"AAPL",100,409.71
20120103,13:31:51,"AAPL",200,409.68
20120103,13:34:11,"AAPL",100,409.83
20120103,13:39:26,"AAPL",100,409.74
20120103,13:40:37,"AAPL",100,409.84
20120103,13:43:05,"AAPL",400,410.29
20120103,13:43:11,"AAPL",100,410.35
20120103,13:43:23,"AAPL",100,410.32
20120103,13:45:39,"AAPL",100,410.51
20120103,13:45:46,"AAPL",100,410.58
20120103,13:45:54,"AAPL",100,410.57
20120103,13:49:06,"AAPL",194,410.85
20120103,13:49:35,"AAPL",100,411.1
20120103,13:52:08,"AAPL",200,411.17
20120103,13:53:13,"AAPL",500,411.19
20120103,13:54:00,"AAPL",111,411.23
20120103,13:56:15,"AAPL",100,411.19
20120103,13:56:26,"AAPL",100,411.21
20120103,14:00:01,"AAPL",800,411.31
20120103,14:02:01,"AAPL",320,411.35
20120103,14:04:22,"AAPL",100,411.35
20120103,14:06:29,"AAPL",360,411.42
20120103,14:08:22,"AAPL",100,411.45
20120103,14:09:07,"AAPL",100,411.5
20120103,14:09:52,"AAPL",250,411.31
20120103,14:10:20,"AAPL",100,411.29
20120103,14:10:20,"AAPL",100,411.28
20120103,14:11:21,"AAPL",200,411.29
20120103,14:11:59,"AAPL",240,411.26
20120103,14:12:33,"AAPL",100,411.22
20120103,14:12:39,"AAPL",100,411.29
20120103,14:15:16,"AAPL",201,411.17
20120103,14:17:14,"AAPL",100,411.06
20120103,14:21:17,"AAPL",300,411.31
20120103,14:22:31,"AAPL",100,411.1
20120103,14:30:55,"AAPL",400,411.35
20120103,14:32:02,"AAPL",100,411.44
20120103,14:32:04,"AAPL",100,411.47
20120103,14:33:29,"AAPL",100,411.5
20120103,14:34:28,"AAPL",100,411.54
20120103,14:35:14,"AAPL",100,411.59
20120103,14:35:53,"AAPL",100,411.61
20120103,14:35:54,"AAPL",100,411.58
20120103,14:35:56,"AAPL",126,411.53
20120103,14:37:29,"AAPL",100,411.8
20120103,14:38:19,"AAPL",100,411.91
20120103,14:38:42,"AAPL",280,411.92
20120103,14:38:42,"AAPL",100,411.91
20120103,14:39:57,"AAPL",100,411.62
20120103,14:42:51,"AAPL",100,411.93
20120103,14:43:03,"AAPL",100,411.96
20120103,14:43:08,"AAPL",100,411.93
20120103,14:47:39,"AAPL",100,411.82
20120103,14:49:32,"AAPL",200,411.92
20120103,14:52:08,"AAPL",100,411.85
20120103,14:54:00,"AAPL",100,411.77
20120103,14:55:20,"AAPL",100,411.65
20120103,14:55:20,"AAPL",100,411.72
20120103,14:56:02,"AAPL",100,411.89
20120103,14:57:45,"AAPL",200,412.01
20120103,14:57:50,"AAPL",206,411.99
20120103,14:58:19,"AAPL",500,412.06
20120103,14:59:55,"AAPL",200,412.11
20120103,14:59:56,"AAPL",100,412.16
20120103,15:00:12,"AAPL",100,412.17
20120103,15:00:23,"AAPL",100,412.15
20120103,15:02:02,"AAPL",100,412.18
20120103,15:02:25,"AAPL",200,412.18
20120103,15:02:51,"AAPL",100,412.13
20120103,15:04:01,"AAPL",100,412.12
20120103,15:05:54,"AAPL",100,411.95
20120103,15:06:36,"AAPL",100,412.05
20120103,15:08:00,"AAPL",100,412.13
20120103,15:08:07,"AAPL",100,412.15
20120103,15:08:31,"AAPL",100,412.17
20120103,15:10:10,"AAPL",100,412.09
20120103,15:10:11,"AAPL",100,412.06
20120103,15:10:25,"AAPL",100,412.03
20120103,15:10:28,"AAPL",100,412.05
20120103,15:11:55,"AAPL",100,412.12
20120103,15:14:19,"AAPL",100,412.31
20120103,15:15:44,"AAPL",100,412.17
20120103,15:16:22,"AAPL",100,412.1
20120103,15:16:58,"AAPL",100,412.2
20120103,15:17:23,"AAPL",100,412.19
20120103,15:18:29,"AAPL",500,412.18
20120103,15:21:42,"AAPL",300,412.3
20120103,15:22:50,"AAPL",100,412.16
20120103,15:23:16,"AAPL",100,412.15
20120103,15:23:52,"AAPL",100,412.18
20120103,15:24:24,"AAPL",100,412.2
20120103,15:24:31,"AAPL",100,412.12
20120103,15:25:21,"AAPL",100,412.06
20120103,15:26:34,"AAPL",100,411.83
20120103,15:27:23,"AAPL",100,411.93
20120103,15:31:58,"AAPL",100,411.95
20120103,15:32:42,"AAPL",100,412.11
20120103,15:32:46,"AAPL",100,412.14
20120103,15:35:27,"AAPL",100,411.78
20120103,15:35:29,"AAPL",100,411.73
20120103,15:37:57,"AAPL",100,411.83
20120103,15:38:20,"AAPL",100,411.96
20120103,15:38:23,"AAPL",100,411.9
20120103,15:41:50,"AAPL",100,411.96
20120103,15:42:36,"AAPL",100,411.98
20120103,15:43:12,"AAPL",100,412.01
20120103,15:44:05,"AAPL",100,412.17
20120103,15:44:05,"AAPL",100,412.14
20120103,15:44:05,"AAPL",100,412.14
20120103,15:44:36,"AAPL",700,412.25
20120103,15:44:54,"AAPL",100,412.28
20120103,15:45:42,"AAPL",100,412.33
20120103,15:45:56,"AAPL",151,412.36
20120103,15:46:11,"AAPL",100,412.41
20120103,15:46:37,"AAPL",100,412.4
20120103,15:46:47,"AAPL",124,412.36
20120103,15:47:21,"AAPL",100,412.32
20120103,15:47:44,"AAPL",100,412.19
20120103,15:47:45,"AAPL",100,412.21
20120103,15:48:06,"AAPL",100,412.11
20120103,15:48:50,"AAPL",100,412.16
20120103,15:49:25,"AAPL",100,412.21
20120103,15:49:27,"AAPL",100,412.21
20120103,15:50:00,"AAPL",100,412.26
20120103,15:50:06,"AAPL",100,412.23
20120103,15:50:18,"AAPL",100,412.18
20120103,15:50:56,"AAPL",100,411.99
20120103,15:50:57,"AAPL",100,411.97
20120103,15:51:11,"AAPL",100,411.97
20120103,15:51:26,"AAPL",100,412.06
20120103,15:52:37,"AAPL",100,411.96
20120103,15:52:58,"AAPL",100,411.92
20120103,15:53:25,"AAPL",100,411.91
20120103,15:53:38,"AAPL",100,411.88
20120103,15:53:41,"AAPL",100,411.88
20120103,15:53:50,"AAPL",100,411.87
20120103,15:54:00,"AAPL",100,411.88
20120103,15:54:16,"AAPL",211,411.86
20120103,15:54:21,"AAPL",200,411.84
20120103,15:54:33,"AAPL",300,411.8
20120103,15:54:35,"AAPL",100,411.79
20120103,15:54:39,"AAPL",100,411.8
20120103,15:54:40,"AAPL",100,411.8
20120103,15:54:59,"AAPL",1000,411.79
20120103,15:55:01,"AAPL",100,411.77
20120103,15:55:18,"AAPL",500,411.71
20120103,15:55:42,"AAPL",100,411.58
20120103,15:56:03,"AAPL",200,411.6
20120103,15:56:13,"AAPL",100,411.53
20120103,15:57:01,"AAPL",194,411.28
20120103,15:57:13,"AAPL",100,411.31
20120103,15:57:41,"AAPL",100,411.29
20120103,15:57:41,"AAPL",100,411.27
20120103,15:57:51,"AAPL",400,411.16
20120103,15:58:01,"AAPL",100,411.12
20120103,15:58:03,"AAPL",100,411.12
20120103,15:58:13,"AAPL",100,411.15
20120103,15:58:41,"AAPL",600,411.15
20120103,15:58:47,"AAPL",439,411.2
20120103,15:58:54,"AAPL",115,411.25
20120103,15:59:00,"AAPL",100,411.26
20120103,15:59:04,"AAPL",100,411.25
20120103,15:59:09,"AAPL",100,411.18
20120103,15:59:24,"AAPL",100,411.26
20120103,15:59:29,"AAPL",100,411.19
20120103,15:59:40,"AAPL",200,411.15
20120103,15:59:51,"AAPL",200,411.19
20120103,15:59:51,"AAPL",100,411.08
20120103,15:59:55,"AAPL",100,411.26
20120103,15:59:59,"AAPL",100,411.45
20120103,15:59:59,"AAPL",100,411.46
20120103,09:05:35,"GOOG",100,655.46
20120103,09:27:49,"GOOG",100,655.17
20120103,09:28:20,"GOOG",100,652.65
20120103,09:30:06,"GOOG",100,654.65
20120103,09:31:03,"GOOG",100,653.62
20120103,09:31:06,"GOOG",100,653.64
20120103,09:31:07,"GOOG",100,653.64
20120103,09:31:48,"GOOG",100,654.14
20120103,09:31:59,"GOOG",150,654.45
20120103,09:32:10,"GOOG",100,654.56
20120103,09:32:16,"GOOG",200,655.13
20120103,09:33:11,"GOOG",100,655.64
20120103,09:33:33,"GOOG",100,655.65
20120103,09:33:53,"GOOG",100,655.83
20120103,09:34:01,"GOOG",154,655.87
20120103,09:34:02,"GOOG",100,656
20120103,09:34:28,"GOOG",100,656.1
20120103,09:35:12,"GOOG",300,656.5
20120103,09:35:41,"GOOG",100,657.2
20120103,09:35:57,"GOOG",100,657.23
20120103,09:36:00,"GOOG",100,657.21
20120103,09:36:06,"GOOG",100,657.38
20120103,09:36:06,"GOOG",100,657.38
20120103,09:36:12,"GOOG",100,657.27
20120103,09:36:55,"GOOG",100,657.66
20120103,09:37:03,"GOOG",200,658.33
20120103,09:37:51,"GOOG",300,659.03
20120103,09:38:36,"GOOG",100,660.06
20120103,09:38:42,"GOOG",200,660.22
20120103,09:38:56,"GOOG",200,660.64
20120103,09:39:14,"GOOG",100,661.15
20120103,09:39:35,"GOOG",100,662.06
20120103,09:39:36,"GOOG",300,660.82
20120103,09:39:56,"GOOG",100,661.16
20120103,09:40:29,"GOOG",100,661.84
20120103,09:40:32,"GOOG",100,661.67
20120103,09:41:57,"GOOG",100,661.7
20120103,09:43:16,"GOOG",100,661.03
20120103,09:44:04,"GOOG",100,661.09
20120103,09:44:19,"GOOG",100,660.73
20120103,09:45:01,"GOOG",170,660.96
20120103,09:46:02,"GOOG",100,661.13
20120103,09:47:12,"GOOG",100,661.1
20120103,09:47:23,"GOOG",100,660.86
20120103,09:47:36,"GOOG",300,660.78
20120103,09:48:00,"GOOG",100,660.37
20120103,09:48:00,"GOOG",300,660.23
20120103,09:48:27,"GOOG",100,660.26
20120103,09:49:22,"GOOG",100,660.38
20120103,09:49:25,"GOOG",100,660.59
20120103,09:50:45,"GOOG",100,660.02
20120103,09:53:30,"GOOG",100,659.6
20120103,09:53:40,"GOOG",100,659.69
20120103,09:53:41,"GOOG",100,659.69
20120103,09:54:05,"GOOG",100,660.22
20120103,09:54:12,"GOOG",300,659.86
20120103,09:54:35,"GOOG",140,659.09
20120103,09:57:43,"GOOG",100,659.42
20120103,09:58:11,"GOOG",100,659.47
20120103,09:58:53,"GOOG",200,659.9
20120103,09:58:57,"GOOG",100,659.52
20120103,09:59:30,"GOOG",100,659.62
20120103,09:59:42,"GOOG",100,659.16
20120103,09:59:46,"GOOG",100,659.43
20120103,10:00:06,"GOOG",100,659.42
20120103,10:00:10,"GOOG",100,659.22
20120103,10:00:53,"GOOG",100,659.87
20120103,10:00:53,"GOOG",100,659.76
20120103,10:01:29,"GOOG",100,659.62
20120103,10:02:25,"GOOG",100,659.75
20120103,10:02:27,"GOOG",100,659.74
20120103,10:02:58,"GOOG",100,659.46
20120103,10:03:03,"GOOG",100,659.48
20120103,10:03:40,"GOOG",100,659.81
20120103,10:03:57,"GOOG",100,659.86
20120103,10:05:06,"GOOG",100,660.15
20120103,10:05:14,"GOOG",100,660.12
20120103,10:05:20,"GOOG",100,660.15
20120103,10:08:24,"GOOG",100,660.03
20120103,10:10:24,"GOOG",100,660.3
20120103,10:11:22,"GOOG",200,659.93
20120103,10:12:45,"GOOG",100,660.23
20120103,10:12:49,"GOOG",100,660.26
20120103,10:13:43,"GOOG",100,660.06
20120103,10:13:59,"GOOG",300,659.93
20120103,10:15:00,"GOOG",200,660.08
20120103,10:16:45,"GOOG",100,659.89
20120103,10:18:20,"GOOG",1000,660.16
20120103,10:18:54,"GOOG",100,660.25
20120103,10:19:02,"GOOG",100,660.15
20120103,10:20:14,"GOOG",100,659.9
20120103,10:20:15,"GOOG",100,659.97
20120103,10:20:26,"GOOG",100,660
20120103,10:21:34,"GOOG",100,660.22
20120103,10:21:50,"GOOG",100,660.36
20120103,10:22:01,"GOOG",100,660.19
20120103,10:22:25,"GOOG",100,660.11
20120103,10:22:31,"GOOG",100,660.09
20120103,10:23:12,"GOOG",100,659.89
20120103,10:23:56,"GOOG",100,659.87
20120103,10:24:22,"GOOG",100,659.85
20120103,10:27:00,"GOOG",100,659.68
20120103,10:27:14,"GOOG",100,659.66
20120103,10:28:23,"GOOG",100,659.51
20120103,10:30:05,"GOOG",100,659.91
20120103,10:31:04,"GOOG",100,660.28
20120103,10:31:54,"GOOG",100,659.97
20120103,10:33:56,"GOOG",100,660.07
20120103,10:35:35,"GOOG",100,660.09
20120103,10:35:45,"GOOG",100,660.22
20120103,10:41:41,"GOOG",100,659.96
20120103,10:45:28,"GOOG",100,660.1
20120103,10:46:42,"GOOG",130,660.41
20120103,10:47:15,"GOOG",100,660.38
20120103,10:47:24,"GOOG",100,660.3
20120103,10:47:59,"GOOG",400,660.42
20120103,10:49:04,"GOOG",100,659.95
20120103,10:50:13,"GOOG",100,659.48
20120103,10:50:34,"GOOG",100,659.53
20120103,10:50:40,"GOOG",100,659.43
20120103,10:52:16,"GOOG",100,659.71
20120103,10:52:16,"GOOG",100,659.64
20120103,10:52:51,"GOOG",300,659.81
20120103,10:54:03,"GOOG",150,659.71
20120103,10:56:34,"GOOG",100,659.82
20120103,10:59:29,"GOOG",100,659.95
20120103,11:03:35,"GOOG",100,659.74
20120103,11:04:12,"GOOG",100,659.87
20120103,11:06:28,"GOOG",100,660.66
20120103,11:06:36,"GOOG",100,660.64
20120103,11:07:02,"GOOG",200,660.65
20120103,11:08:34,"GOOG",100,660.06
20120103,11:09:21,"GOOG",100,660.17
20120103,11:09:47,"GOOG",100,660.13
20120103,11:12:57,"GOOG",100,660.53
20120103,11:13:22,"GOOG",100,660.45
20120103,11:13:59,"GOOG",100,660.28
20120103,11:14:54,"GOOG",194,660.28
20120103,11:14:55,"GOOG",100,660.35
20120103,11:15:32,"GOOG",100,660.24
20120103,11:16:55,"GOOG",100,660.32
20120103,11:19:58,"GOOG",100,660.1
20120103,11:21:19,"GOOG",100,660.16
20120103,11:22:01,"GOOG",100,659.75
20120103,11:23:23,"GOOG",100,659.44
20120103,11:25:14,"GOOG",175,659.54
20120103,11:26:37,"GOOG",100,659.88
20120103,11:30:07,"GOOG",100,659.85
20120103,11:30:23,"GOOG",100,659.88
20120103,11:31:42,"GOOG",100,660.16
20120103,11:31:45,"GOOG",100,660.18
20120103,11:32:14,"GOOG",200,660.33
20120103,11:32:31,"GOOG",100,660.35
20120103,11:35:55,"GOOG",100,660.75
20120103,11:36:14,"GOOG",100,661.01
20120103,11:36:22,"GOOG",100,660.93
20120103,11:37:48,"GOOG",100,661.41
20120103,11:44:39,"GOOG",100,660.41
20120103,11:45:18,"GOOG",100,660.51
20120103,11:45:54,"GOOG",180,660.66
20120103,11:47:41,"GOOG",100,660.78
20120103,11:47:52,"GOOG",100,660.79
20120103,11:48:08,"GOOG",100,660.79
20120103,11:49:02,"GOOG",100,660.79
20120103,11:50:39,"GOOG",100,661.02
20120103,11:51:59,"GOOG",100,661.34
20120103,11:52:50,"GOOG",100,661.36
20120103,11:54:30,"GOOG",100,661.41
20120103,11:54:30,"GOOG",200,661.66
20120103,11:54:57,"GOOG",100,661.56
20120103,11:55:26,"GOOG",527,661.85
20120103,11:57:07,"GOOG",100,661.81
20120103,11:57:22,"GOOG",100,661.93
20120103,11:58:24,"GOOG",400,662.14
20120103,11:58:24,"GOOG",100,662.16
20120103,11:58:34,"GOOG",200,662.26
20120103,11:59:19,"GOOG",100,662.38
20120103,11:59:33,"GOOG",100,662.09
20120103,11:59:43,"GOOG",100,661.99
20120103,11:59:44,"GOOG",100,661.86
20120103,12:01:37,"GOOG",100,662.06
20120103,12:04:41,"GOOG",100,662.04
20120103,12:05:46,"GOOG",100,661.54
20120103,12:09:04,"GOOG",100,662.3
20120103,12:09:05,"GOOG",200,662.3
20120103,12:09:13,"GOOG",100,661.97
20120103,12:10:03,"GOOG",100,662.1
20120103,12:10:42,"GOOG",100,661.9
20120103,12:10:48,"GOOG",100,661.78
20120103,12:11:30,"GOOG",100,662.11
20120103,12:11:37,"GOOG",100,662.09
20120103,12:11:57,"GOOG",150,662.09
20120103,12:12:53,"GOOG",100,662.23
20120103,12:13:11,"GOOG",200,662.06
20120103,12:16:39,"GOOG",100,661.85
20120103,12:18:41,"GOOG",100,662.15
20120103,12:20:09,"GOOG",1000,662.12
20120103,12:20:54,"GOOG",100,661.97
20120103,12:23:47,"GOOG",100,661.79
20120103,12:28:51,"GOOG",100,661.93
20120103,12:31:11,"GOOG",100,661.78
20120103,12:31:47,"GOOG",100,661.52
20120103,12:32:15,"GOOG",100,661.31
20120103,12:32:18,"GOOG",200,661.36
20120103,12:32:57,"GOOG",100,661.4
20120103,12:34:53,"GOOG",100,661.08
20120103,12:35:24,"GOOG",100,661.1
20120103,12:36:33,"GOOG",200,661.43
20120103,12:37:14,"GOOG",100,661.18
20120103,12:38:48,"GOOG",100,660.34
20120103,12:39:36,"GOOG",100,660.19
20120103,12:39:41,"GOOG",100,660.01
20120103,12:39:52,"GOOG",200,659.66
20120103,12:39:54,"GOOG",100,659.73
20120103,12:40:39,"GOOG",100,660.02
20120103,12:40:41,"GOOG",100,660.06
20120103,12:40:48,"GOOG",200,660.02
20120103,12:41:10,"GOOG",100,660.3
20120103,12:42:17,"GOOG",100,660.68
20120103,12:45:01,"GOOG",100,660.43
20120103,12:46:39,"GOOG",100,659.65
20120103,12:46:42,"GOOG",100,659.65
20120103,12:47:42,"GOOG",100,659.8
20120103,12:48:41,"GOOG",169,659.87
20120103,12:51:51,"GOOG",100,659.87
20120103,12:57:06,"GOOG",100,659.95
20120103,12:58:25,"GOOG",100,659.4
20120103,12:59:14,"GOOG",100,659.43
20120103,12:59:23,"GOOG",100,659.37
20120103,12:59:25,"GOOG",100,659.56
20120103,13:00:31,"GOOG",100,660.16
20120103,13:01:09,"GOOG",100,660.33
20120103,13:01:13,"GOOG",100,660.31
20120103,13:01:28,"GOOG",100,660.35
20120103,13:01:42,"GOOG",100,660.27
20120103,13:01:51,"GOOG",100,660.26
20120103,13:06:06,"GOOG",100,659.9
20120103,13:09:20,"GOOG",100,659.42
20120103,13:10:43,"GOOG",100,659.38
20120103,13:11:11,"GOOG",100,659.25
20120103,13:11:44,"GOOG",100,659.09
20120103,13:13:13,"GOOG",100,659.41
20120103,13:14:18,"GOOG",100,659.42
20120103,13:15:59,"GOOG",100,659.56
20120103,13:15:59,"GOOG",100,659.56
20120103,13:16:58,"GOOG",100,659.65
20120103,13:17:42,"GOOG",100,659.57
20120103,13:18:56,"GOOG",140,659.55
20120103,13:21:00,"GOOG",100,659.41
20120103,13:21:33,"GOOG",100,659.49
20120103,13:22:18,"GOOG",100,659.31
20120103,13:22:48,"GOOG",100,659.26
20120103,13:23:17,"GOOG",100,659.5
20120103,13:23:46,"GOOG",100,659.13
20120103,13:24:11,"GOOG",100,659.23
20120103,13:25:14,"GOOG",200,659.15
20120103,13:27:21,"GOOG",200,658.88
20120103,13:28:05,"GOOG",100,659.13
20120103,13:30:39,"GOOG",450,659.15
20120103,13:30:57,"GOOG",125,659.24
20120103,13:31:13,"GOOG",100,659.38
20120103,13:33:40,"GOOG",100,659.67
20120103,13:36:05,"GOOG",100,659.41
20120103,13:36:05,"GOOG",100,659.41
20120103,13:36:42,"GOOG",199,658.86
20120103,13:36:42,"GOOG",100,658.79
20120103,13:41:34,"GOOG",200,659.66
20120103,13:41:35,"GOOG",100,659.72
20120103,13:41:35,"GOOG",100,659.79
20120103,13:41:35,"GOOG",100,659.79
20120103,13:43:44,"GOOG",100,659.63
20120103,13:43:59,"GOOG",103,659.71
20120103,13:47:43,"GOOG",200,659.73
20120103,13:48:25,"GOOG",100,659.61
20120103,13:49:20,"GOOG",100,660
20120103,13:49:52,"GOOG",100,660.36
20120103,13:51:14,"GOOG",100,660.44
20120103,13:52:54,"GOOG",100,660.54
20120103,13:54:21,"GOOG",100,660.14
20120103,13:56:42,"GOOG",200,660.16
20120103,13:58:02,"GOOG",100,660.2
20120103,13:58:38,"GOOG",100,660.11
20120103,13:59:05,"GOOG",100,660.13
20120103,13:59:21,"GOOG",100,660.17
20120103,13:59:21,"GOOG",100,660.25
20120103,14:04:00,"GOOG",100,660.36
20120103,14:04:16,"GOOG",100,660.5
20120103,14:04:31,"GOOG",200,660.51
20120103,14:04:47,"GOOG",100,660.59
20120103,14:05:05,"GOOG",100,660.49
20120103,14:05:48,"GOOG",100,660.66
20120103,14:07:53,"GOOG",200,660.75
20120103,14:07:53,"GOOG",100,660.64
20120103,14:10:15,"GOOG",100,660.48
20120103,14:12:20,"GOOG",100,660.3
20120103,14:14:27,"GOOG",100,660.36
20120103,14:16:49,"GOOG",100,660.15
20120103,14:17:30,"GOOG",100,660.12
20120103,14:18:43,"GOOG",100,660.21
20120103,14:19:14,"GOOG",200,660.19
20120103,14:20:02,"GOOG",100,660.34
20120103,14:20:15,"GOOG",100,660.28
20120103,14:21:31,"GOOG",100,660.54
20120103,14:22:42,"GOOG",200,660.77
20120103,14:22:50,"GOOG",100,660.83
20120103,14:23:06,"GOOG",100,661.02
20120103,14:24:38,"GOOG",100,660.9
20120103,14:25:26,"GOOG",100,661.21
20120103,14:26:37,"GOOG",100,661
20120103,14:30:47,"GOOG",100,661.41
20120103,14:31:57,"GOOG",100,661.7
20120103,14:34:45,"GOOG",100,661.96
20120103,14:35:41,"GOOG",100,662.05
20120103,14:36:14,"GOOG",100,662.02
20120103,14:37:20,"GOOG",100,662.49
20120103,14:37:37,"GOOG",200,662.67
20120103,14:37:46,"GOOG",100,662.83
20120103,14:38:01,"GOOG",300,663.09
20120103,14:38:02,"GOOG",100,663.08
20120103,14:38:22,"GOOG",100,663.24
20120103,14:38:38,"GOOG",100,663.38
20120103,14:38:42,"GOOG",100,663.42
20120103,14:38:42,"GOOG",100,663.39
20120103,14:38:43,"GOOG",100,663.38
20120103,14:38:44,"GOOG",100,663.36
20120103,14:38:56,"GOOG",100,663.54
20120103,14:38:59,"GOOG",100,663.54
20120103,14:39:05,"GOOG",100,663.61
20120103,14:39:12,"GOOG",100,663.64
20120103,14:39:15,"GOOG",100,663.62
20120103,14:39:33,"GOOG",100,663.66
20120103,14:39:39,"GOOG",100,663.71
20120103,14:39:39,"GOOG",100,663.71
20120103,14:41:13,"GOOG",100,663.68
20120103,14:41:13,"GOOG",100,663.67
20120103,14:41:54,"GOOG",300,663.62
20120103,14:42:47,"GOOG",153,663.92
20120103,14:44:04,"GOOG",100,664.06
20120103,14:45:56,"GOOG",100,664.14
20120103,14:47:52,"GOOG",100,664.07
20120103,14:49:10,"GOOG",100,664.27
20120103,14:49:31,"GOOG",100,664.16
20120103,14:50:04,"GOOG",100,664.17
20120103,14:50:55,"GOOG",100,664.1
20120103,14:52:31,"GOOG",100,663.88
20120103,14:52:57,"GOOG",100,663.9
20120103,14:55:29,"GOOG",100,663.9
20120103,14:55:33,"GOOG",100,663.84
20120103,14:56:45,"GOOG",300,663.99
20120103,14:56:51,"GOOG",100,664
20120103,14:57:37,"GOOG",100,664.16
20120103,14:57:55,"GOOG",100,664.3
20120103,14:58:47,"GOOG",100,664.47
20120103,14:58:59,"GOOG",200,664.53
20120103,14:59:22,"GOOG",100,664.91
20120103,14:59:24,"GOOG",200,664.96
20120103,15:00:00,"GOOG",100,665.28
20120103,15:01:14,"GOOG",100,664.95
20120103,15:01:40,"GOOG",100,664.96
20120103,15:03:48,"GOOG",200,665.61
20120103,15:03:48,"GOOG",100,665.62
20120103,15:03:56,"GOOG",100,665.61
20120103,15:04:15,"GOOG",100,665.57
20120103,15:04:40,"GOOG",100,665.3
20120103,15:05:05,"GOOG",100,665.47
20120103,15:05:19,"GOOG",100,665.46
20120103,15:06:33,"GOOG",100,665.3
20120103,15:06:56,"GOOG",100,665.32
20120103,15:06:58,"GOOG",100,665.36
20120103,15:07:37,"GOOG",100,665.62
20120103,15:07:41,"GOOG",100,665.58
20120103,15:08:00,"GOOG",200,665.66
20120103,15:08:08,"GOOG",200,665.65
20120103,15:08:09,"GOOG",200,665.61
20120103,15:08:40,"GOOG",100,665.62
20120103,15:09:46,"GOOG",100,665.56
20120103,15:09:46,"GOOG",100,665.55
20120103,15:11:05,"GOOG",100,665.5
20120103,15:12:10,"GOOG",100,665.81
20120103,15:12:28,"GOOG",100,665.83
20120103,15:12:29,"GOOG",100,665.85
20120103,15:12:29,"GOOG",100,665.85
20120103,15:12:54,"GOOG",100,665.89
20120103,15:12:54,"GOOG",200,665.87
20120103,15:12:58,"GOOG",100,665.88
20120103,15:13:33,"GOOG",100,665.7
20120103,15:15:02,"GOOG",100,665.42
20120103,15:15:02,"GOOG",100,665.38
20120103,15:17:21,"GOOG",100,665.41
20120103,15:18:04,"GOOG",100,665.35
20120103,15:18:43,"GOOG",100,665.47
20120103,15:18:49,"GOOG",100,665.46
20120103,15:20:35,"GOOG",100,665.78
20120103,15:20:50,"GOOG",100,665.78
20120103,15:21:03,"GOOG",100,665.78
20120103,15:22:06,"GOOG",100,665.72
20120103,15:23:11,"GOOG",100,665.64
20120103,15:23:22,"GOOG",100,665.63
20120103,15:26:03,"GOOG",100,665.25
20120103,15:26:10,"GOOG",100,665.34
20120103,15:26:52,"GOOG",100,665.51
20120103,15:28:13,"GOOG",100,666.01
20120103,15:28:28,"GOOG",700,665.95
20120103,15:28:41,"GOOG",200,666.06
20120103,15:28:45,"GOOG",100,666.08
20120103,15:29:13,"GOOG",100,666.31
20120103,15:30:00,"GOOG",100,666.43
20120103,15:30:26,"GOOG",100,666.39
20120103,15:30:26,"GOOG",100,666.39
20120103,15:30:47,"GOOG",477,666.39
20120103,15:31:38,"GOOG",100,666.15
20120103,15:31:52,"GOOG",100,666.26
20120103,15:32:41,"GOOG",400,666.32
20120103,15:32:47,"GOOG",100,666.33
20120103,15:33:13,"GOOG",100,666.4
20120103,15:34:41,"GOOG",100,666.29
20120103,15:34:53,"GOOG",200,666.13
20120103,15:35:07,"GOOG",100,666.06
20120103,15:35:17,"GOOG",100,665.7
20120103,15:35:31,"GOOG",100,665.68
20120103,15:35:32,"GOOG",100,665.66
20120103,15:36:09,"GOOG",100,665.56
20120103,15:36:45,"GOOG",100,665.47
20120103,15:37:56,"GOOG",100,665.85
20120103,15:39:16,"GOOG",100,666.53
20120103,15:39:27,"GOOG",100,666.42
20120103,15:40:01,"GOOG",100,666.59
20120103,15:40:03,"GOOG",100,666.64
20120103,15:40:03,"GOOG",100,666.65
20120103,15:40:28,"GOOG",100,666.71
20120103,15:40:48,"GOOG",100,666.75
20120103,15:42:13,"GOOG",300,666.82
20120103,15:42:22,"GOOG",100,666.86
20120103,15:42:34,"GOOG",100,667.04
20120103,15:42:58,"GOOG",100,667.24
20120103,15:42:59,"GOOG",100,667.17
20120103,15:43:28,"GOOG",100,667.42
20120103,15:43:55,"GOOG",200,667.71
20120103,15:44:13,"GOOG",100,667.85
20120103,15:44:14,"GOOG",100,667.77
20120103,15:44:23,"GOOG",100,667.72
20120103,15:44:57,"GOOG",100,668.09
20120103,15:45:21,"GOOG",100,668.43
20120103,15:45:25,"GOOG",100,668.41
20120103,15:45:40,"GOOG",100,668.49
20120103,15:46:00,"GOOG",200,668.49
20120103,15:46:47,"GOOG",100,668.6
20120103,15:47:33,"GOOG",100,668.68
20120103,15:47:34,"GOOG",100,668.67
20120103,15:47:51,"GOOG",100,668.35
20120103,15:48:02,"GOOG",100,668.17
20120103,15:49:32,"GOOG",100,668.28
20120103,15:50:00,"GOOG",100,668.4
20120103,15:50:01,"GOOG",100,668.32
20120103,15:50:06,"GOOG",100,668.25
20120103,15:50:29,"GOOG",100,668.13
20120103,15:50:41,"GOOG",100,668.15
20120103,15:50:54,"GOOG",100,667.86
20120103,15:52:00,"GOOG",100,667.59
20120103,15:52:37,"GOOG",100,667.57
20120103,15:52:42,"GOOG",100,667.56
20120103,15:52:45,"GOOG",100,667.57
20120103,15:52:50,"GOOG",100,667.39
20120103,15:53:07,"GOOG",100,666.91
20120103,15:53:11,"GOOG",100,666.91
20120103,15:53:11,"GOOG",200,666.91
20120103,15:53:11,"GOOG",119,666.91
20120103,15:53:36,"GOOG",200,666.8
20120103,15:53:50,"GOOG",100,666.66
20120103,15:54:00,"GOOG",100,666.59
20120103,15:54:35,"GOOG",100,666.36
20120103,15:55:08,"GOOG",100,666.47
20120103,15:55:17,"GOOG",100,666.48
20120103,15:55:31,"GOOG",100,666.45
20120103,15:56:12,"GOOG",300,666.57
20120103,15:56:22,"GOOG",100,666.43
20120103,15:56:43,"GOOG",100,666.51
20120103,15:57:04,"GOOG",100,666.35
20120103,15:57:14,"GOOG",200,666.17
20120103,15:57:18,"GOOG",100,666.1
20120103,15:57:29,"GOOG",100,666.18
20120103,15:57:44,"GOOG",100,666.04
20120103,15:58:01,"GOOG",100,666.15
20120103,15:58:02,"GOOG",100,666.13
20120103,15:58:25,"GOOG",100,666.13
20120103,15:58:38,"GOOG",100,666.13
20120103,15:58:38,"GOOG",100,666.13
20120103,15:58:39,"GOOG",100,666.13
20120103,15:58:40,"GOOG",100,666.14
20120103,15:58:40,"GOOG",200,665.97
20120103,15:58:56,"GOOG",100,665.9
20120103,15:58:58,"GOOG",100,665.82
20120103,15:59:06,"GOOG",100,665.58
20120103,15:59:06,"GOOG",100,665.5
20120103,15:59:07,"GOOG",200,665.43
20120103,15:59:34,"GOOG",100,665.78
20120103,15:59:35,"GOOG",100,665.71
20120103,15:59:42,"GOOG",100,665.53
20120103,15:59:50,"GOOG",100,665.57
20120103,15:59:55,"GOOG",100,665.89
20120103,09:30:03,"IBM",100,187.67
20120103,09:30:05,"IBM",102,187.67
20120103,09:30:16,"IBM",910,187.91
20120103,09:30:17,"IBM",200,187.69
20120103,09:30:21,"IBM",100,187.72
20120103,09:31:19,"IBM",400,187.86
20120103,09:31:29,"IBM",200,187.89
20120103,09:31:41,"IBM",100,187.77
20120103,09:31:56,"IBM",100,187.7
20120103,09:31:56,"IBM",100,187.71
20120103,09:31:58,"IBM",589,187.58
20120103,09:32:00,"IBM",100,187.53
20120103,09:32:29,"IBM",100,187.62
20120103,09:33:41,"IBM",285,187.75
20120103,09:34:09,"IBM",100,187.97
20120103,09:34:17,"IBM",300,188.12
20120103,09:35:21,"IBM",100,188.47
20120103,09:36:01,"IBM",100,188.36
20120103,09:36:02,"IBM",100,188.37
20120103,09:36:06,"IBM",100,188.44
20120103,09:37:44,"IBM",100,188.14
20120103,09:38:14,"IBM",300,188.19
20120103,09:38:49,"IBM",110,188.45
20120103,09:38:58,"IBM",100,188.49
20120103,09:38:59,"IBM",159,188.52
20120103,09:39:02,"IBM",320,188.53
20120103,09:39:07,"IBM",100,188.57
20120103,09:39:20,"IBM",100,188.58
20120103,09:39:48,"IBM",100,188.77
20120103,09:39:48,"IBM",100,188.76
20120103,09:39:50,"IBM",200,188.72
20120103,09:39:58,"IBM",102,188.73
20120103,09:41:17,"IBM",100,188.66
20120103,09:41:44,"IBM",200,188.69
20120103,09:42:00,"IBM",100,188.62
20120103,09:42:44,"IBM",100,188.09
20120103,09:43:20,"IBM",200,188.01
20120103,09:43:36,"IBM",183,187.88
20120103,09:43:38,"IBM",100,187.79
20120103,09:43:45,"IBM",1304,187.72
20120103,09:43:46,"IBM",100,187.65
20120103,09:43:50,"IBM",100,187.62
20120103,09:43:51,"IBM",100,187.63
20120103,09:44:29,"IBM",1000,187.67
20120103,09:44:49,"IBM",100,187.86
20120103,09:46:11,"IBM",900,187.88
20120103,09:46:39,"IBM",100,187.94
20120103,09:47:02,"IBM",100,187.89
20120103,09:47:02,"IBM",100,187.89
20120103,09:47:43,"IBM",100,187.91
20120103,09:47:49,"IBM",100,187.87
20120103,09:50:16,"IBM",100,188.3
20120103,09:50:41,"IBM",100,188.29
20120103,09:50:43,"IBM",200,188.24
20120103,09:50:57,"IBM",100,188.29
20120103,09:51:27,"IBM",100,188.38
20120103,09:52:11,"IBM",100,188.07
20120103,09:52:57,"IBM",100,188.15
20120103,09:53:16,"IBM",100,188.15
20120103,09:53:19,"IBM",100,188.15
20120103,09:53:20,"IBM",100,188.15
20120103,09:53:37,"IBM",100,188.13
20120103,09:53:38,"IBM",300,188.12
20120103,09:53:46,"IBM",100,188.01
20120103,09:54:02,"IBM",100,187.96
20120103,09:54:05,"IBM",100,187.96
20120103,09:54:07,"IBM",100,187.95
20120103,09:54:09,"IBM",100,188
20120103,09:54:09,"IBM",100,188.01
20120103,09:55:00,"IBM",100,188.02
20120103,09:55:34,"IBM",200,188.13
20120103,09:56:20,"IBM",200,188.2
20120103,09:58:03,"IBM",100,188.27
20120103,09:58:12,"IBM",200,188.22
20120103,09:58:30,"IBM",100,188.25
20120103,10:00:03,"IBM",100,188.33
20120103,10:00:07,"IBM",100,188.32
20120103,10:00:11,"IBM",100,188.31
20120103,10:00:22,"IBM",100,188.24
20120103,10:01:41,"IBM",100,188.14
20120103,10:01:41,"IBM",100,188.13
20120103,10:01:59,"IBM",100,188.18
20120103,10:02:03,"IBM",107,188.19
20120103,10:02:10,"IBM",100,188.15
20120103,10:02:28,"IBM",100,188.15
20120103,10:02:28,"IBM",200,188.2
20120103,10:02:43,"IBM",100,188.21
20120103,10:03:24,"IBM",100,188.39
20120103,10:03:29,"IBM",200,188.39
20120103,10:03:57,"IBM",100,188.45
20120103,10:05:24,"IBM",160,188.38
20120103,10:05:49,"IBM",100,188.41
20120103,10:07:13,"IBM",300,188.51
20120103,10:07:27,"IBM",100,188.51
20120103,10:07:54,"IBM",202,188.31
20120103,10:08:34,"IBM",107,188.45
20120103,10:08:47,"IBM",100,188.52
20120103,10:10:13,"IBM",100,188.43
20120103,10:10:26,"IBM",100,188.39
20120103,10:11:20,"IBM",100,188.49
20120103,10:11:41,"IBM",227,188.5
20120103,10:11:54,"IBM",100,188.49
20120103,10:12:07,"IBM",100,188.49
20120103,10:12:13,"IBM",100,188.5
20120103,10:12:29,"IBM",100,188.4
20120103,10:13:43,"IBM",100,188.29
20120103,10:13:45,"IBM",100,188.26
20120103,10:15:04,"IBM",100,188.18
20120103,10:16:25,"IBM",168,188.29
20120103,10:18:29,"IBM",100,188.23
20120103,10:20:39,"IBM",200,188.48
20120103,10:20:50,"IBM",100,188.52
20120103,10:21:07,"IBM",100,188.57
20120103,10:21:18,"IBM",400,188.62
20120103,10:21:34,"IBM",100,188.64
20120103,10:21:43,"IBM",100,188.64
20120103,10:22:05,"IBM",100,188.6
20120103,10:24:24,"IBM",882,188.51
20120103,10:26:56,"IBM",100,188.43
20120103,10:27:14,"IBM",100,188.48
20120103,10:27:28,"IBM",100,188.52
20120103,10:27:28,"IBM",100,188.49
20120103,10:28:09,"IBM",100,188.58
20120103,10:28:17,"IBM",100,188.67
20120103,10:28:17,"IBM",100,188.65
20120103,10:28:33,"IBM",300,188.64
20120103,10:30:30,"IBM",100,188.69
20120103,10:30:39,"IBM",100,188.7
20120103,10:31:39,"IBM",992,188.74
20120103,10:35:31,"IBM",100,188.53
20120103,10:35:31,"IBM",100,188.52
20120103,10:37:48,"IBM",100,188.49
20120103,10:38:29,"IBM",100,188.49
20120103,10:39:10,"IBM",235,188.44
20120103,10:39:23,"IBM",200,188.44
20120103,10:40:06,"IBM",100,188.35
20120103,10:40:43,"IBM",100,188.36
20120103,10:41:31,"IBM",100,188.28
20120103,10:41:38,"IBM",100,188.27
20120103,10:42:01,"IBM",100,188.25
20120103,10:43:22,"IBM",100,188.23
20120103,10:44:33,"IBM",100,188.08
20120103,10:46:04,"IBM",100,188.08
20120103,10:47:02,"IBM",100,188.17
20120103,10:51:37,"IBM",100,188.23
20120103,10:52:32,"IBM",100,188.34
20120103,10:53:27,"IBM",100,188.43
20120103,10:53:51,"IBM",100,188.42
20120103,10:53:54,"IBM",375,188.41
20120103,10:54:08,"IBM",100,188.42
20120103,10:55:10,"IBM",100,188.43
20120103,10:55:11,"IBM",100,188.48
20120103,10:55:51,"IBM",100,188.49
20120103,10:57:45,"IBM",100,188.42
20120103,10:58:05,"IBM",100,188.42
20120103,10:59:45,"IBM",500,188.48
20120103,11:00:35,"IBM",100,188.54
20120103,11:01:03,"IBM",200,188.59
20120103,11:01:09,"IBM",100,188.59
20120103,11:01:55,"IBM",100,188.67
20120103,11:02:15,"IBM",100,188.62
20120103,11:02:46,"IBM",100,188.68
20120103,11:03:06,"IBM",100,188.51
20120103,11:03:24,"IBM",100,188.57
20120103,11:03:41,"IBM",100,188.54
20120103,11:03:46,"IBM",178,188.57
20120103,11:05:26,"IBM",100,188.67
20120103,11:05:34,"IBM",100,188.66
20120103,11:05:51,"IBM",100,188.68
20120103,11:06:34,"IBM",100,188.73
20120103,11:08:00,"IBM",100,188.62
20120103,11:08:02,"IBM",100,188.66
20120103,11:08:08,"IBM",100,188.67
20120103,11:08:52,"IBM",100,188.44
20120103,11:09:10,"IBM",100,188.4
20120103,11:09:19,"IBM",100,188.41
20120103,11:09:44,"IBM",100,188.18
20120103,11:10:04,"IBM",100,188.11
20120103,11:10:26,"IBM",300,188.14
20120103,11:10:42,"IBM",100,188.15
20120103,11:10:58,"IBM",100,188.16
20120103,11:10:58,"IBM",100,188.15
20120103,11:11:04,"IBM",100,188.16
20120103,11:11:07,"IBM",100,188.22
20120103,11:11:36,"IBM",100,188.25
20120103,11:12:17,"IBM",100,188.21
20120103,11:12:17,"IBM",100,188.25
20120103,11:12:25,"IBM",100,188.25
20120103,11:14:08,"IBM",100,188.22
20120103,11:14:19,"IBM",100,188.2
20120103,11:14:46,"IBM",100,188.29
20120103,11:15:02,"IBM",100,188.4
20120103,11:15:20,"IBM",100,188.4
20120103,11:15:32,"IBM",200,188.39
20120103,11:15:58,"IBM",200,188.54
20120103,11:16:58,"IBM",100,188.61
20120103,11:17:04,"IBM",100,188.64
20120103,11:18:24,"IBM",200,188.65
20120103,11:18:24,"IBM",200,188.65
20120103,11:18:26,"IBM",300,188.65
20120103,11:18:38,"IBM",100,188.6
20120103,11:19:29,"IBM",100,188.63
20120103,11:21:25,"IBM",100,188.57
20120103,11:23:29,"IBM",100,188.36
20120103,11:24:22,"IBM",100,188.38
20120103,11:25:01,"IBM",100,188.36
20120103,11:26:23,"IBM",244,188.4
20120103,11:26:27,"IBM",100,188.42
20120103,11:29:17,"IBM",100,188.45
20120103,11:30:06,"IBM",100,188.35
20120103,11:30:06,"IBM",100,188.35
20120103,11:33:00,"IBM",100,188.51
20120103,11:34:55,"IBM",100,188.66
20120103,11:37:07,"IBM",100,188.37
20120103,11:40:00,"IBM",100,188.29
20120103,11:40:34,"IBM",100,188.19
20120103,11:42:01,"IBM",100,188.12
20120103,11:43:07,"IBM",100,188.04
20120103,11:43:15,"IBM",100,188.02
20120103,11:43:58,"IBM",1320,187.8
20120103,11:44:45,"IBM",100,187.92
20120103,11:45:32,"IBM",100,187.92
20120103,11:46:14,"IBM",200,188.03
20120103,11:47:06,"IBM",100,188.18
20120103,11:48:04,"IBM",200,188.19
20120103,11:48:55,"IBM",200,188.17
20120103,11:50:03,"IBM",300,188.08
20120103,11:50:36,"IBM",100,188.06
20120103,11:51:34,"IBM",800,188.02
20120103,11:51:35,"IBM",100,188.02
20120103,11:52:00,"IBM",100,188.04
20120103,11:52:49,"IBM",100,188.17
20120103,11:53:49,"IBM",100,188.14
20120103,11:54:45,"IBM",300,188.25
20120103,11:54:45,"IBM",100,188.25
20120103,11:55:38,"IBM",100,188.18
20120103,11:57:34,"IBM",100,188.15
20120103,11:57:51,"IBM",100,188.1
20120103,11:58:02,"IBM",100,188.07
20120103,11:58:06,"IBM",100,188.1
20120103,11:58:07,"IBM",200,188.1
20120103,11:58:55,"IBM",142,188.13
20120103,11:59:41,"IBM",279,188.17
20120103,11:59:42,"IBM",100,188.16
20120103,12:00:49,"IBM",232,188.13
20120103,12:03:50,"IBM",100,188.05
20120103,12:03:51,"IBM",100,188.07
20120103,12:05:22,"IBM",100,188.02
20120103,12:07:08,"IBM",200,187.97
20120103,12:07:33,"IBM",100,188.02
20120103,12:10:27,"IBM",100,187.91
20120103,12:10:42,"IBM",100,187.87
20120103,12:10:58,"IBM",100,187.77
20120103,12:11:02,"IBM",100,187.78
20120103,12:11:02,"IBM",200,187.8
20120103,12:13:06,"IBM",100,187.67
20120103,12:13:28,"IBM",100,187.58
20120103,12:13:49,"IBM",100,187.54
20120103,12:14:19,"IBM",165,187.5
20120103,12:16:30,"IBM",100,187.59
20120103,12:17:11,"IBM",100,187.56
20120103,12:18:13,"IBM",100,187.46
20120103,12:18:13,"IBM",100,187.46
20120103,12:18:14,"IBM",100,187.46
20120103,12:18:36,"IBM",100,187.48
20120103,12:20:29,"IBM",100,187.68
20120103,12:22:12,"IBM",100,187.61
20120103,12:23:00,"IBM",100,187.56
20120103,12:24:58,"IBM",100,187.59
20120103,12:26:46,"IBM",100,187.46
20120103,12:26:46,"IBM",100,187.46
20120103,12:28:42,"IBM",100,187.3
20120103,12:29:26,"IBM",100,187.26
20120103,12:29:57,"IBM",100,187.35
20120103,12:31:36,"IBM",153,187.42
20120103,12:32:39,"IBM",100,187.21
20120103,12:33:38,"IBM",100,187.21
20120103,12:34:38,"IBM",400,186.99
20120103,12:38:14,"IBM",100,186.9
20120103,12:38:16,"IBM",100,186.85
20120103,12:38:45,"IBM",100,186.72
20120103,12:39:20,"IBM",100,186.62
20120103,12:40:44,"IBM",100,186.65
20120103,12:41:29,"IBM",500,186.69
20120103,12:43:46,"IBM",100,186.59
20120103,12:44:05,"IBM",100,186.6
20120103,12:48:34,"IBM",100,186.66
20120103,12:48:54,"IBM",100,186.57
20120103,12:49:55,"IBM",200,186.64
20120103,12:50:04,"IBM",100,186.69
20120103,12:50:24,"IBM",100,186.61
20120103,12:50:46,"IBM",300,186.52
20120103,12:51:38,"IBM",100,186.37
20120103,12:53:06,"IBM",100,186.41
20120103,12:53:17,"IBM",200,186.45
20120103,12:53:23,"IBM",3728,186.44
20120103,12:54:03,"IBM",100,186.3
20120103,12:54:48,"IBM",100,186.41
20120103,12:54:49,"IBM",100,186.47
20120103,12:54:57,"IBM",100,186.44
20120103,12:54:57,"IBM",100,186.42
20120103,12:55:03,"IBM",100,186.44
20120103,12:55:23,"IBM",100,186.43
20120103,12:56:41,"IBM",147,186.48
20120103,12:57:08,"IBM",100,186.47
20120103,12:57:12,"IBM",169,186.47
20120103,12:59:37,"IBM",100,186.58
20120103,12:59:37,"IBM",100,186.59
20120103,13:00:53,"IBM",100,186.64
20120103,13:00:53,"IBM",100,186.66
20120103,13:00:56,"IBM",100,186.68
20120103,13:01:39,"IBM",300,186.6
20120103,13:02:51,"IBM",100,186.47
20120103,13:03:04,"IBM",100,186.41
20120103,13:03:36,"IBM",197,186.42
20120103,13:04:46,"IBM",100,186.31
20120103,13:07:36,"IBM",100,186.2
20120103,13:12:41,"IBM",112,186.4
20120103,13:14:39,"IBM",100,186.55
20120103,13:17:23,"IBM",100,186.62
20120103,13:21:24,"IBM",100,186.53
20120103,13:22:41,"IBM",100,186.54
20120103,13:23:12,"IBM",100,186.63
20120103,13:23:18,"IBM",100,186.63
20120103,13:23:37,"IBM",100,186.67
20120103,13:23:59,"IBM",100,186.68
20120103,13:26:30,"IBM",100,186.65
20120103,13:30:27,"IBM",300,186.51
20120103,13:34:11,"IBM",100,186.48
20120103,13:38:00,"IBM",100,186.57
20120103,13:41:05,"IBM",100,186.59
20120103,13:41:18,"IBM",100,186.62
20120103,13:41:32,"IBM",100,186.57
20120103,13:41:35,"IBM",100,186.63
20120103,13:41:39,"IBM",200,186.63
20120103,13:41:57,"IBM",100,186.75
20120103,13:44:55,"IBM",100,186.8
20120103,13:46:27,"IBM",100,186.79
20120103,13:46:48,"IBM",100,186.73
20120103,13:46:48,"IBM",100,186.72
20120103,13:46:53,"IBM",100,186.71
20120103,13:48:16,"IBM",100,186.77
20120103,13:49:01,"IBM",100,186.77
20120103,13:58:41,"IBM",1000,186.83
20120103,14:00:26,"IBM",100,186.83
20120103,14:00:48,"IBM",100,186.86
20120103,14:01:26,"IBM",400,186.87
20120103,14:01:51,"IBM",500,186.95
20120103,14:03:06,"IBM",100,186.83
20120103,14:03:43,"IBM",100,186.85
20120103,14:03:54,"IBM",100,186.84
20120103,14:04:05,"IBM",100,186.92
20120103,14:05:17,"IBM",100,187.02
20120103,14:05:46,"IBM",100,187.06
20120103,14:06:11,"IBM",100,187.08
20120103,14:06:59,"IBM",100,187.11
20120103,14:07:37,"IBM",100,187.07
20120103,14:08:43,"IBM",100,186.94
20120103,14:10:20,"IBM",403,187
20120103,14:11:44,"IBM",100,186.93
20120103,14:12:22,"IBM",100,186.86
20120103,14:14:07,"IBM",100,186.87
20120103,14:14:17,"IBM",100,186.87
20120103,14:14:40,"IBM",100,186.85
20120103,14:16:39,"IBM",100,186.89
20120103,14:16:50,"IBM",100,186.89
20120103,14:17:14,"IBM",100,186.81
20120103,14:18:54,"IBM",100,186.91
20120103,14:19:21,"IBM",200,186.96
20120103,14:19:21,"IBM",100,186.95
20120103,14:20:04,"IBM",100,186.97
20120103,14:20:39,"IBM",100,187.04
20120103,14:21:52,"IBM",100,187.12
20120103,14:21:56,"IBM",100,187.12
20120103,14:22:30,"IBM",100,187.09
20120103,14:23:34,"IBM",100,187.09
20120103,14:23:34,"IBM",200,187.09
20120103,14:23:54,"IBM",100,187.14
20120103,14:23:57,"IBM",100,187.16
20120103,14:24:02,"IBM",100,187.16
20120103,14:26:32,"IBM",500,187.13
20120103,14:26:36,"IBM",100,187.11
20120103,14:27:54,"IBM",100,187.18
20120103,14:28:40,"IBM",135,187.18
20120103,14:29:26,"IBM",100,187.25
20120103,14:33:07,"IBM",100,187.3
20120103,14:35:23,"IBM",400,187.29
20120103,14:35:39,"IBM",100,187.23
20120103,14:35:39,"IBM",100,187.24
20120103,14:37:15,"IBM",100,187.3
20120103,14:38:56,"IBM",100,187.13
20120103,14:39:05,"IBM",458,187.13
20120103,14:40:43,"IBM",100,187.02
20120103,14:42:35,"IBM",100,186.96
20120103,14:42:42,"IBM",100,186.95
20120103,14:42:45,"IBM",100,186.97
20120103,14:43:14,"IBM",100,187
20120103,14:44:13,"IBM",100,186.92
20120103,14:44:44,"IBM",100,186.95
20120103,14:51:03,"IBM",300,186.93
20120103,14:52:09,"IBM",100,186.91
20120103,14:54:00,"IBM",100,186.89
20120103,14:54:20,"IBM",137,186.89
20120103,14:55:34,"IBM",100,186.93
20120103,14:59:09,"IBM",500,186.98
20120103,15:02:23,"IBM",200,186.87
20120103,15:03:04,"IBM",200,186.87
20120103,15:03:48,"IBM",200,186.89
20120103,15:08:41,"IBM",200,187.07
20120103,15:10:03,"IBM",200,187.14
20120103,15:10:30,"IBM",100,187.15
20120103,15:10:34,"IBM",100,187.16
20120103,15:10:38,"IBM",100,187.15
20120103,15:15:58,"IBM",100,187.08
20120103,15:16:58,"IBM",100,187.07
20120103,15:17:14,"IBM",100,187.06
20120103,15:18:23,"IBM",100,187.08
20120103,15:18:38,"IBM",100,187.07
20120103,15:22:25,"IBM",200,186.95
20120103,15:23:12,"IBM",100,186.79
20120103,15:25:16,"IBM",100,186.66
20120103,15:25:16,"IBM",320,186.66
20120103,15:25:40,"IBM",100,186.66
20120103,15:26:21,"IBM",800,186.64
20120103,15:27:03,"IBM",100,186.68
20120103,15:27:42,"IBM",100,186.67
20120103,15:28:00,"IBM",100,186.71
20120103,15:29:37,"IBM",100,186.77
20120103,15:30:06,"IBM",100,186.74
20120103,15:31:51,"IBM",100,186.9
20120103,15:33:32,"IBM",178,186.92
20120103,15:33:33,"IBM",100,186.9
20120103,15:34:39,"IBM",100,186.89
20120103,15:36:50,"IBM",200,186.73
20120103,15:36:53,"IBM",100,186.74
20120103,15:36:58,"IBM",100,186.75
20120103,15:37:50,"IBM",100,186.75
20120103,15:40:43,"IBM",100,186.82
20120103,15:40:47,"IBM",100,186.79
20120103,15:41:51,"IBM",300,186.87
20120103,15:41:53,"IBM",100,186.89
20120103,15:42:23,"IBM",100,186.94
20120103,15:43:41,"IBM",100,187.06
20120103,15:45:02,"IBM",100,187.24
20120103,15:45:02,"IBM",100,187.24
20120103,15:45:02,"IBM",200,187.24
20120103,15:45:45,"IBM",125,187.23
20120103,15:47:13,"IBM",100,187.25
20120103,15:48:54,"IBM",100,187.17
20120103,15:49:09,"IBM",100,187.17
20120103,15:49:11,"IBM",200,187.18
20120103,15:49:40,"IBM",100,187.23
20120103,15:50:11,"IBM",100,187.21
20120103,15:50:49,"IBM",200,187.19
20120103,15:50:53,"IBM",100,187.17
20120103,15:50:58,"IBM",100,187.1
20120103,15:51:09,"IBM",100,187.04
20120103,15:51:37,"IBM",100,187.05
20120103,15:52:25,"IBM",100,187
20120103,15:52:29,"IBM",100,186.98
20120103,15:52:58,"IBM",200,186.94
20120103,15:53:09,"IBM",200,186.91
20120103,15:53:57,"IBM",100,186.92
20120103,15:54:21,"IBM",100,186.82
20120103,15:54:43,"IBM",174,186.83
20120103,15:55:00,"IBM",200,186.83
20120103,15:55:00,"IBM",300,186.87
20120103,15:55:02,"IBM",100,186.93
20120103,15:55:16,"IBM",100,186.87
20120103,15:55:29,"IBM",100,186.9
20120103,15:55:37,"IBM",100,186.9
20120103,15:55:40,"IBM",100,186.91
20120103,15:55:45,"IBM",100,186.9
20120103,15:55:47,"IBM",300,186.9
20120103,15:55:49,"IBM",100,186.93
20120103,15:56:05,"IBM",100,186.99
20120103,15:56:20,"IBM",100,186.88
20120103,15:56:25,"IBM",100,186.91
20120103,15:56:40,"IBM",101,186.89
20120103,15:57:37,"IBM",150,186.75
20120103,15:57:40,"IBM",100,186.74
20120103,15:58:02,"IBM",300,186.7
20120103,15:58:08,"IBM",200,186.69
20120103,15:58:12,"IBM",100,186.68
20120103,15:58:31,"IBM",100,186.65
20120103,15:58:34,"IBM",502,186.68
20120103,15:59:02,"IBM",900,186.6
20120103,15:59:06,"IBM",300,186.5
20120103,15:59:09,"IBM",200,186.51
20120103,15:59:10,"IBM",200,186.54
20120103,15:59:14,"IBM",100,186.5
20120103,15:59:15,"IBM",100,186.49
20120103,15:59:20,"IBM",100,186.48
20120103,15:59:24,"IBM",100,186.5
20120103,15:59:31,"IBM",100,186.45
20120103,15:59:38,"IBM",100,186.47
20120103,15:59:44,"IBM",100,186.4
20120103,15:59:48,"IBM",100,186.38
20120103,15:59:54,"IBM",100,186.41
20120103,15:59:55,"IBM",100,186.4
20120103,09:30:05,"MSFT",100,26.53
20120103,09:32:29,"MSFT",100,26.48
20120103,09:33:24,"MSFT",100,26.5
20120103,09:33:25,"MSFT",187,26.5
20120103,09:33:37,"MSFT",100,26.51
20120103,09:33:37,"MSFT",200,26.5
20120103,09:33:40,"MSFT",100,26.49
20120103,09:33:56,"MSFT",100,26.52
20120103,09:34:01,"MSFT",100,26.54
20120103,09:34:02,"MSFT",100,26.53
20120103,09:34:23,"MSFT",200,26.55
20120103,09:34:26,"MSFT",100,26.53
20120103,09:34:30,"MSFT",100,26.55
20120103,09:35:15,"MSFT",400,26.52
20120103,09:36:28,"MSFT",100,26.51
20120103,09:36:30,"MSFT",100,26.51
20120103,09:36:30,"MSFT",100,26.51
20120103,09:38:42,"MSFT",100,26.55
20120103,09:39:25,"MSFT",400,26.54
20120103,09:40:10,"MSFT",200,26.55
20120103,09:40:10,"MSFT",100,26.55
20120103,09:40:10,"MSFT",200,26.55
20120103,09:40:25,"MSFT",100,26.56
20120103,09:41:46,"MSFT",100,26.53
20120103,09:43:26,"MSFT",1400,26.5
20120103,09:44:08,"MSFT",100,26.51
20120103,09:45:00,"MSFT",100,26.53
20120103,09:45:58,"MSFT",600,26.53
20120103,09:46:29,"MSFT",100,26.52
20120103,09:47:09,"MSFT",200,26.52
20120103,09:47:09,"MSFT",200,26.52
20120103,09:47:09,"MSFT",100,26.52
20120103,09:48:17,"MSFT",300,26.52
20120103,09:48:18,"MSFT",100,26.52
20120103,09:48:56,"MSFT",274,26.52
20120103,09:49:15,"MSFT",100,26.53
20120103,09:49:21,"MSFT",1000,26.55
20120103,09:49:25,"MSFT",477,26.54
20120103,09:49:38,"MSFT",100,26.54
20120103,09:50:00,"MSFT",5061,26.53
20120103,09:50:30,"MSFT",100,26.54
20120103,09:50:30,"MSFT",100,26.55
20120103,09:50:43,"MSFT",100,26.56
20120103,09:52:27,"MSFT",100,26.57
20120103,09:54:29,"MSFT",282,26.57
20120103,09:54:29,"MSFT",100,26.57
20120103,09:55:00,"MSFT",300,26.58
20120103,09:56:04,"MSFT",100,26.58
20120103,09:56:16,"MSFT",250,26.59
20120103,09:57:29,"MSFT",300,26.59
20120103,09:57:48,"MSFT",900,26.57
20120103,09:58:48,"MSFT",100,26.57
20120103,09:59:07,"MSFT",100,26.55
20120103,09:59:13,"MSFT",100,26.55
20120103,09:59:16,"MSFT",200,26.54
20120103,09:59:40,"MSFT",100,26.56
20120103,09:59:59,"MSFT",100,26.55
20120103,09:59:59,"MSFT",200,26.54
20120103,10:00:18,"MSFT",100,26.56
20120103,10:00:30,"MSFT",200,26.57
20120103,10:00:30,"MSFT",200,26.58
20120103,10:00:34,"MSFT",1200,26.58
20120103,10:01:12,"MSFT",100,26.59
20120103,10:01:25,"MSFT",100,26.58
20120103,10:01:37,"MSFT",100,26.58
20120103,10:01:49,"MSFT",400,26.57
20120103,10:02:23,"MSFT",200,26.56
20120103,10:02:26,"MSFT",100,26.57
20120103,10:02:43,"MSFT",300,26.58
20120103,10:02:45,"MSFT",100,26.59
20120103,10:03:52,"MSFT",100,26.59
20120103,10:03:53,"MSFT",100,26.59
20120103,10:03:55,"MSFT",200,26.58
20120103,10:05:46,"MSFT",200,26.59
20120103,10:05:53,"MSFT",100,26.59
20120103,10:06:09,"MSFT",100,26.59
20120103,10:06:11,"MSFT",100,26.59
20120103,10:06:12,"MSFT",100,26.59
20120103,10:06:23,"MSFT",100,26.58
20120103,10:08:30,"MSFT",100,26.6
20120103,10:08:47,"MSFT",100,26.6
20120103,10:08:50,"MSFT",100,26.61
20120103,10:09:07,"MSFT",100,26.61
20120103,10:09:08,"MSFT",200,26.6
20120103,10:09:10,"MSFT",200,26.6
20120103,10:09:10,"MSFT",400,26.6
20120103,10:10:03,"MSFT",100,26.62
20120103,10:10:46,"MSFT",100,26.62
20120103,10:12:16,"MSFT",100,26.62
20120103,10:12:23,"MSFT",200,26.63
20120103,10:12:24,"MSFT",200,26.64
20120103,10:12:57,"MSFT",100,26.64
20120103,10:13:09,"MSFT",200,26.63
20120103,10:13:09,"MSFT",100,26.63
20120103,10:13:09,"MSFT",108,26.63
20120103,10:13:09,"MSFT",1300,26.63
20120103,10:13:43,"MSFT",500,26.63
20120103,10:13:44,"MSFT",400,26.63
20120103,10:13:44,"MSFT",100,26.63
20120103,10:16:42,"MSFT",100,26.66
20120103,10:16:59,"MSFT",100,26.66
20120103,10:16:59,"MSFT",300,26.66
20120103,10:18:29,"MSFT",300,26.66
20120103,10:18:43,"MSFT",200,26.65
20120103,10:18:53,"MSFT",300,26.64
20120103,10:18:57,"MSFT",100,26.64
20120103,10:21:29,"MSFT",100,26.65
20120103,10:22:08,"MSFT",200,26.65
20120103,10:23:48,"MSFT",100,26.67
20120103,10:24:02,"MSFT",100,26.66
20120103,10:24:38,"MSFT",600,26.65
20120103,10:24:38,"MSFT",200,26.65
20120103,10:25:09,"MSFT",100,26.64
20120103,10:25:42,"MSFT",200,26.68
20120103,10:26:09,"MSFT",196,26.67
20120103,10:26:44,"MSFT",100,26.68
20120103,10:27:34,"MSFT",100,26.68
20120103,10:27:46,"MSFT",100,26.67
20120103,10:28:11,"MSFT",200,26.67
20120103,10:28:28,"MSFT",100,26.67
20120103,10:29:00,"MSFT",200,26.67
20120103,10:29:00,"MSFT",200,26.67
20120103,10:30:01,"MSFT",875,26.68
20120103,10:30:01,"MSFT",100,26.68
20120103,10:32:01,"MSFT",100,26.69
20120103,10:32:56,"MSFT",100,26.68
20120103,10:34:41,"MSFT",100,26.7
20120103,10:35:03,"MSFT",900,26.7
20120103,10:36:16,"MSFT",100,26.72
20120103,10:36:17,"MSFT",100,26.71
20120103,10:37:06,"MSFT",100,26.71
20120103,10:39:36,"MSFT",100,26.7
20120103,10:42:46,"MSFT",100,26.72
20120103,10:43:19,"MSFT",100,26.72
20120103,10:44:13,"MSFT",100,26.72
20120103,10:44:35,"MSFT",100,26.75
20120103,10:44:56,"MSFT",900,26.76
20120103,10:45:00,"MSFT",100,26.77
20120103,10:45:14,"MSFT",800,26.77
20120103,10:45:26,"MSFT",100,26.77
20120103,10:46:37,"MSFT",1800,26.73
20120103,10:46:37,"MSFT",100,26.73
20120103,10:47:45,"MSFT",300,26.72
20120103,10:48:43,"MSFT",100,26.72
20120103,10:49:15,"MSFT",1200,26.73
20120103,10:51:37,"MSFT",100,26.73
20120103,10:51:59,"MSFT",500,26.73
20120103,10:52:51,"MSFT",100,26.73
20120103,10:57:31,"MSFT",1100,26.75
20120103,10:59:01,"MSFT",200,26.77
20120103,10:59:16,"MSFT",100,26.77
20120103,11:00:36,"MSFT",100,26.78
20120103,11:01:47,"MSFT",200,26.77
20120103,11:02:04,"MSFT",100,26.77
20120103,11:03:47,"MSFT",300,26.77
20120103,11:03:56,"MSFT",100,26.78
20120103,11:05:21,"MSFT",100,26.77
20120103,11:06:25,"MSFT",300,26.78
20120103,11:07:13,"MSFT",100,26.79
20120103,11:08:33,"MSFT",1700,26.8
20120103,11:09:11,"MSFT",200,26.8
20120103,11:09:20,"MSFT",375,26.8
20120103,11:09:39,"MSFT",100,26.8
20120103,11:10:10,"MSFT",400,26.8
20120103,11:10:34,"MSFT",156,26.81
20120103,11:10:37,"MSFT",400,26.8
20120103,11:10:41,"MSFT",323,26.8
20120103,11:11:12,"MSFT",800,26.81
20120103,11:11:20,"MSFT",100,26.81
20120103,11:11:26,"MSFT",100,26.81
20120103,11:11:31,"MSFT",200,26.81
20120103,11:12:02,"MSFT",200,26.8
20120103,11:12:27,"MSFT",300,26.78
20120103,11:12:41,"MSFT",200,26.76
20120103,11:12:53,"MSFT",165,26.78
20120103,11:15:02,"MSFT",400,26.8
20120103,11:16:48,"MSFT",300,26.82
20120103,11:17:50,"MSFT",100,26.82
20120103,11:18:13,"MSFT",400,26.84
20120103,11:18:15,"MSFT",100,26.84
20120103,11:18:33,"MSFT",2900,26.85
20120103,11:18:57,"MSFT",500,26.84
20120103,11:18:58,"MSFT",100,26.84
20120103,11:19:25,"MSFT",1000,26.85
20120103,11:20:01,"MSFT",250,26.85
20120103,11:20:42,"MSFT",100,26.88
20120103,11:21:42,"MSFT",200,26.89
20120103,11:21:48,"MSFT",100,26.88
20120103,11:22:38,"MSFT",100,26.88
20120103,11:22:57,"MSFT",300,26.88
20120103,11:23:50,"MSFT",100,26.87
20120103,11:24:22,"MSFT",200,26.87
20120103,11:26:41,"MSFT",100,26.88
20120103,11:26:42,"MSFT",100,26.88
20120103,11:27:17,"MSFT",500,26.88
20120103,11:29:21,"MSFT",243,26.89
20120103,11:30:10,"MSFT",3700,26.88
20120103,11:33:17,"MSFT",600,26.9
20120103,11:33:31,"MSFT",200,26.9
20120103,11:33:34,"MSFT",100,26.9
20120103,11:34:57,"MSFT",100,26.91
20120103,11:34:57,"MSFT",500,26.91
20120103,11:35:17,"MSFT",100,26.9
20120103,11:35:54,"MSFT",200,26.88
20120103,11:36:01,"MSFT",300,26.88
20120103,11:36:17,"MSFT",100,26.89
20120103,11:39:29,"MSFT",300,26.91
20120103,11:40:17,"MSFT",100,26.9
20120103,11:40:17,"MSFT",300,26.9
20120103,11:40:25,"MSFT",100,26.9
20120103,11:42:02,"MSFT",200,26.89
20120103,11:42:29,"MSFT",100,26.89
20120103,11:43:11,"MSFT",100,26.9
20120103,11:43:13,"MSFT",233,26.91
20120103,11:43:13,"MSFT",500,26.9
20120103,11:43:32,"MSFT",100,26.92
20120103,11:44:17,"MSFT",400,26.92
20120103,11:45:06,"MSFT",100,26.92
20120103,11:45:11,"MSFT",200,26.91
20120103,11:45:16,"MSFT",200,26.91
20120103,11:46:15,"MSFT",810,26.93
20120103,11:47:50,"MSFT",300,26.93
20120103,11:48:28,"MSFT",100,26.92
20120103,11:49:03,"MSFT",300,26.92
20120103,11:49:05,"MSFT",500,26.92
20120103,11:49:06,"MSFT",500,26.92
20120103,11:49:44,"MSFT",1200,26.9
20120103,11:51:58,"MSFT",1400,26.92
20120103,11:52:22,"MSFT",500,26.92
20120103,11:52:22,"MSFT",100,26.92
20120103,11:52:22,"MSFT",700,26.93
20120103,11:55:18,"MSFT",900,26.93
20120103,11:56:17,"MSFT",200,26.93
20120103,11:56:32,"MSFT",600,26.92
20120103,11:58:02,"MSFT",100,26.91
20120103,11:59:08,"MSFT",100,26.91
20120103,11:59:30,"MSFT",100,26.91
20120103,11:59:35,"MSFT",400,26.9
20120103,11:59:48,"MSFT",400,26.88
20120103,12:00:50,"MSFT",100,26.89
20120103,12:01:03,"MSFT",2800,26.9
20120103,12:01:03,"MSFT",100,26.9
20120103,12:01:03,"MSFT",100,26.91
20120103,12:01:13,"MSFT",800,26.91
20120103,12:01:13,"MSFT",1400,26.91
20120103,12:01:23,"MSFT",100,26.92
20120103,12:03:18,"MSFT",1100,26.92
20120103,12:05:03,"MSFT",200,26.91
20120103,12:06:49,"MSFT",200,26.91
20120103,12:07:39,"MSFT",100,26.92
20120103,12:07:59,"MSFT",100,26.93
20120103,12:07:59,"MSFT",100,26.93
20120103,12:07:59,"MSFT",200,26.93
20120103,12:08:02,"MSFT",100,26.93
20120103,12:10:29,"MSFT",300,26.92
20120103,12:10:29,"MSFT",400,26.91
20120103,12:12:21,"MSFT",149,26.92
20120103,12:12:58,"MSFT",100,26.93
20120103,12:14:51,"MSFT",100,26.9
20120103,12:16:22,"MSFT",400,26.92
20120103,12:16:41,"MSFT",100,26.92
20120103,12:18:31,"MSFT",100,26.9
20120103,12:18:31,"MSFT",100,26.9
20120103,12:18:36,"MSFT",100,26.9
20120103,12:18:36,"MSFT",200,26.9
20120103,12:19:52,"MSFT",100,26.91
20120103,12:20:51,"MSFT",2000,26.91
20120103,12:24:00,"MSFT",100,26.89
20120103,12:25:58,"MSFT",100,26.91
20120103,12:28:48,"MSFT",100,26.92
20120103,12:31:47,"MSFT",900,26.91
20120103,12:32:06,"MSFT",100,26.9
20120103,12:33:31,"MSFT",600,26.89
20120103,12:35:56,"MSFT",400,26.87
20120103,12:37:50,"MSFT",100,26.87
20120103,12:38:15,"MSFT",100,26.87
20120103,12:38:45,"MSFT",200,26.87
20120103,12:40:10,"MSFT",100,26.86
20120103,12:41:51,"MSFT",100,26.87
20120103,12:42:16,"MSFT",100,26.87
20120103,12:44:13,"MSFT",333,26.88
20120103,12:45:28,"MSFT",300,26.87
20120103,12:47:56,"MSFT",500,26.87
20120103,12:48:31,"MSFT",100,26.86
20120103,12:48:53,"MSFT",500,26.84
20120103,12:49:47,"MSFT",100,26.83
20120103,12:52:32,"MSFT",200,26.85
20120103,12:54:44,"MSFT",260,26.86
20120103,12:54:44,"MSFT",100,26.86
20120103,12:55:22,"MSFT",600,26.88
20120103,12:58:14,"MSFT",500,26.85
20120103,12:59:33,"MSFT",200,26.88
20120103,13:00:34,"MSFT",100,26.89
20120103,13:02:00,"MSFT",200,26.92
20120103,13:02:24,"MSFT",200,26.91
20120103,13:02:39,"MSFT",100,26.9
20120103,13:04:15,"MSFT",400,26.92
20120103,13:04:27,"MSFT",600,26.9
20120103,13:04:27,"MSFT",100,26.9
20120103,13:04:44,"MSFT",794,26.92
20120103,13:06:26,"MSFT",100,26.91
20120103,13:07:45,"MSFT",400,26.9
20120103,13:11:35,"MSFT",200,26.89
20120103,13:14:14,"MSFT",2200,26.89
20120103,13:14:51,"MSFT",300,26.9
20120103,13:15:46,"MSFT",100,26.9
20120103,13:16:07,"MSFT",700,26.9
20120103,13:17:00,"MSFT",100,26.93
20120103,13:20:08,"MSFT",100,26.92
20120103,13:22:28,"MSFT",100,26.92
20120103,13:23:18,"MSFT",100,26.93
20120103,13:25:14,"MSFT",400,26.92
20120103,13:28:35,"MSFT",300,26.92
20120103,13:28:43,"MSFT",100,26.91
20120103,13:29:51,"MSFT",170,26.91
20120103,13:29:51,"MSFT",200,26.91
20120103,13:34:23,"MSFT",100,26.9
20120103,13:34:28,"MSFT",200,26.9
20120103,13:34:32,"MSFT",200,26.9
20120103,13:35:11,"MSFT",100,26.9
20120103,13:36:00,"MSFT",100,26.88
20120103,13:38:11,"MSFT",200,26.86
20120103,13:39:00,"MSFT",1200,26.85
20120103,13:41:00,"MSFT",500,26.86
20120103,13:41:17,"MSFT",729,26.87
20120103,13:45:37,"MSFT",100,26.9
20120103,13:47:05,"MSFT",300,26.91
20120103,13:49:03,"MSFT",100,26.91
20120103,13:51:52,"MSFT",100,26.92
20120103,13:55:00,"MSFT",100,26.93
20120103,13:59:05,"MSFT",200,26.93
20120103,13:59:08,"MSFT",100,26.92
20120103,13:59:37,"MSFT",239,26.92
20120103,14:00:14,"MSFT",200,26.93
20120103,14:01:39,"MSFT",400,26.94
20120103,14:01:40,"MSFT",400,26.95
20120103,14:01:43,"MSFT",100,26.95
20120103,14:03:30,"MSFT",1000,26.96
20120103,14:03:31,"MSFT",100,26.96
20120103,14:06:43,"MSFT",253,26.96
20120103,14:07:02,"MSFT",2400,26.96
20120103,14:07:10,"MSFT",200,26.96
20120103,14:09:00,"MSFT",500,26.97
20120103,14:09:39,"MSFT",100,26.96
20120103,14:12:54,"MSFT",100,26.93
20120103,14:13:34,"MSFT",600,26.92
20120103,14:18:12,"MSFT",100,26.91
20120103,14:19:11,"MSFT",200,26.91
20120103,14:19:55,"MSFT",100,26.92
20120103,14:20:13,"MSFT",100,26.91
20120103,14:22:28,"MSFT",100,26.91
20120103,14:23:41,"MSFT",200,26.92
20120103,14:26:34,"MSFT",200,26.91
20120103,14:28:46,"MSFT",100,26.91
20120103,14:29:19,"MSFT",200,26.91
20120103,14:32:05,"MSFT",300,26.92
20120103,14:33:08,"MSFT",200,26.93
20120103,14:34:47,"MSFT",800,26.93
20120103,14:38:50,"MSFT",100,26.96
20120103,14:38:58,"MSFT",409,26.96
20120103,14:41:10,"MSFT",100,26.94
20120103,14:42:46,"MSFT",187,26.96
20120103,14:43:10,"MSFT",190,26.97
20120103,14:47:23,"MSFT",300,26.97
20120103,14:47:23,"MSFT",2400,26.97
20120103,14:49:08,"MSFT",100,26.97
20120103,14:56:41,"MSFT",100,26.96
20120103,14:59:15,"MSFT",100,26.97
20120103,14:59:31,"MSFT",300,26.97
20120103,14:59:55,"MSFT",476,26.98
20120103,15:00:02,"MSFT",100,26.98
20120103,15:00:02,"MSFT",200,26.98
20120103,15:00:04,"MSFT",800,26.99
20120103,15:01:15,"MSFT",200,26.99
20120103,15:01:57,"MSFT",150,26.98
20120103,15:03:12,"MSFT",100,26.97
20120103,15:04:51,"MSFT",427,26.94
20120103,15:04:53,"MSFT",600,26.94
20120103,15:05:29,"MSFT",100,26.94
20120103,15:06:30,"MSFT",100,26.93
20120103,15:08:40,"MSFT",1900,26.95
20120103,15:09:59,"MSFT",400,26.95
20120103,15:10:08,"MSFT",200,26.94
20120103,15:10:08,"MSFT",300,26.94
20120103,15:13:25,"MSFT",100,26.95
20120103,15:14:00,"MSFT",109,26.95
20120103,15:14:59,"MSFT",100,26.95
20120103,15:15:25,"MSFT",275,26.95
20120103,15:15:37,"MSFT",100,26.94
20120103,15:15:52,"MSFT",300,26.94
20120103,15:16:57,"MSFT",100,26.93
20120103,15:17:19,"MSFT",100,26.94
20120103,15:17:34,"MSFT",100,26.94
20120103,15:18:23,"MSFT",200,26.94
20120103,15:18:23,"MSFT",100,26.94
20120103,15:19:35,"MSFT",100,26.95
20120103,15:19:57,"MSFT",4100,26.94
20120103,15:23:28,"MSFT",100,26.93
20120103,15:23:44,"MSFT",200,26.93
20120103,15:24:21,"MSFT",100,26.93
20120103,15:24:37,"MSFT",600,26.92
20120103,15:24:46,"MSFT",300,26.92
20120103,15:24:58,"MSFT",100,26.91
20120103,15:24:58,"MSFT",685,26.91
20120103,15:25:58,"MSFT",300,26.88
20120103,15:26:12,"MSFT",100,26.87
20120103,15:26:13,"MSFT",600,26.88
20120103,15:26:13,"MSFT",100,26.89
20120103,15:26:14,"MSFT",200,26.89
20120103,15:26:25,"MSFT",100,26.88
20120103,15:28:29,"MSFT",100,26.9
20120103,15:29:58,"MSFT",100,26.89
20120103,15:30:13,"MSFT",100,26.9
20120103,15:30:24,"MSFT",4000,26.89
20120103,15:30:27,"MSFT",200,26.9
20120103,15:30:27,"MSFT",100,26.91
20120103,15:31:32,"MSFT",400,26.91
20120103,15:32:46,"MSFT",200,26.91
20120103,15:33:32,"MSFT",359,26.92
20120103,15:33:45,"MSFT",200,26.92
20120103,15:33:45,"MSFT",400,26.93
20120103,15:34:06,"MSFT",400,26.92
20120103,15:35:11,"MSFT",289,26.92
20120103,15:36:00,"MSFT",400,26.88
20120103,15:36:34,"MSFT",500,26.87
20120103,15:36:37,"MSFT",100,26.86
20120103,15:37:32,"MSFT",100,26.86
20120103,15:38:15,"MSFT",200,26.85
20120103,15:39:11,"MSFT",200,26.85
20120103,15:39:11,"MSFT",1135,26.85
20120103,15:39:11,"MSFT",100,26.85
20120103,15:39:45,"MSFT",600,26.84
20120103,15:40:11,"MSFT",786,26.85
20120103,15:40:11,"MSFT",300,26.85
20120103,15:41:09,"MSFT",100,26.85
20120103,15:41:53,"MSFT",800,26.86
20120103,15:42:27,"MSFT",400,26.86
20120103,15:42:30,"MSFT",100,26.87
20120103,15:42:52,"MSFT",100,26.88
20120103,15:43:02,"MSFT",100,26.88
20120103,15:43:07,"MSFT",100,26.88
20120103,15:43:38,"MSFT",200,26.89
20120103,15:44:04,"MSFT",200,26.89
20120103,15:44:43,"MSFT",200,26.9
20120103,15:44:57,"MSFT",100,26.89
20120103,15:46:11,"MSFT",100,26.92
20120103,15:47:23,"MSFT",200,26.93
20120103,15:47:23,"MSFT",600,26.93
20120103,15:47:27,"MSFT",200,26.93
20120103,15:47:27,"MSFT",100,26.93
20120103,15:47:39,"MSFT",300,26.92
20120103,15:48:23,"MSFT",100,26.93
20120103,15:48:24,"MSFT",300,26.94
20120103,15:49:18,"MSFT",600,26.94
20120103,15:49:38,"MSFT",800,26.93
20120103,15:50:00,"MSFT",300,26.95
20120103,15:50:01,"MSFT",200,26.96
20120103,15:50:08,"MSFT",100,26.95
20120103,15:50:10,"MSFT",100,26.95
20120103,15:50:22,"MSFT",200,26.94
20120103,15:50:33,"MSFT",309,26.94
20120103,15:50:40,"MSFT",1500,26.94
20120103,15:50:52,"MSFT",2000,26.94
20120103,15:51:47,"MSFT",100,26.94
20120103,15:51:52,"MSFT",100,26.94
20120103,15:52:10,"MSFT",3300,26.93
20120103,15:52:14,"MSFT",200,26.93
20120103,15:52:19,"MSFT",200,26.93
20120103,15:52:27,"MSFT",100,26.93
20120103,15:52:29,"MSFT",100,26.92
20120103,15:52:50,"MSFT",300,26.92
20120103,15:53:01,"MSFT",100,26.9
20120103,15:53:14,"MSFT",600,26.9
20120103,15:53:25,"MSFT",100,26.9
20120103,15:53:46,"MSFT",100,26.9
20120103,15:54:15,"MSFT",100,26.89
20120103,15:54:18,"MSFT",100,26.89
20120103,15:54:26,"MSFT",300,26.89
20120103,15:54:50,"MSFT",200,26.89
20120103,15:55:05,"MSFT",5200,26.89
20120103,15:55:11,"MSFT",234,26.89
20120103,15:55:26,"MSFT",100,26.88
20120103,15:55:32,"MSFT",700,26.89
20120103,15:55:32,"MSFT",600,26.88
20120103,15:55:37,"MSFT",200,26.88
20120103,15:55:37,"MSFT",3427,26.88
20120103,15:56:03,"MSFT",500,26.86
20120103,15:56:48,"MSFT",100,26.85
20120103,15:57:09,"MSFT",100,26.83
20120103,15:57:19,"MSFT",500,26.82
20120103,15:57:25,"MSFT",200,26.81
20120103,15:58:12,"MSFT",100,26.81
20120103,15:58:13,"MSFT",100,26.81
20120103,15:58:29,"MSFT",200,26.81
20120103,15:58:30,"MSFT",261,26.81
20120103,15:59:24,"MSFT",100,26.8
20120103,15:59:37,"MSFT",500,26.79
20120103,15:59:38,"MSFT",1300,26.79
20120103,15:59:41,"MSFT",2400,26.79
20120103,15:59:57,"MSFT",200,26.82
